codigo_2023,codigo_2027,tipo,principal,nota,objetivo_2023,objetivo_2027,area_2027,pagina_2023,pagina_2027,novedad_2027
T4-V1.1,T4_27-B1.1,igual,sí,Mismo contenido; «lo que necesitan para vivir» pasa a ser ambiental.,Distinguir seres vivos de no vivos; reconocer lo que necesitan para vivir,"Diferencias entre seres vivos y no vivos, y lo que los seres vivos necesitan para vivir",Características y procesos vitales de los organismos,23,26,
T4-V1.2,T4_27-B1.2,igual,sí,Mismo contenido; deja de citar plantas con flor y vertebrados/invertebrados.,Comparar rasgos físicos y de conducta de grandes grupos de animales y plantas,Rasgos físicos y de conducta de los grandes grupos de seres vivos,Características y procesos vitales de los organismos,23,26,
T4-V1.3,T4_27-B1.3,igual,sí,Mismo contenido (estructura-función en animales y plantas).,Relacionar estructuras principales de los organismos con su función,Funciones de las estructuras principales de animales y plantas,Características y procesos vitales de los organismos,23,27,
T4-V2.1,T4_27-B2.1,igual,sí,Mismo contenido; ciclo de la planta agrega polinización y fruto.,Etapas del ciclo de vida de plantas con flor; comparar ciclos de plantas y animales,Etapas y diferencias de los ciclos de vida de plantas y animales comunes,"Ciclos de vida, reproducción y herencia",23,27,
T4-V2.2,T4_27-B2.2,igual,sí,Mismo contenido (herencia y estrategias reproductivas).,Las crías se parecen a sus progenitores; rasgos heredados vs. adquiridos,Herencia y estrategias de reproducción,"Ciclos de vida, reproducción y herencia",23,27,
T4-V3.1,T4_27-B3.1,igual,sí,Mismo contenido; el área se renombra «Diversidad y adaptación».,Relacionar rasgos físicos y conductas con la supervivencia en un ambiente (adaptación),Rasgos físicos y conductas que ayudan a sobrevivir en el ambiente,Diversidad y adaptación,23,27,
T4-V3.2,T4_27-B1.4,fusionado,sí,Respuestas de animales y cuerpo humano pasan al área I; se elimina la respuesta de las plantas. Recibe también: T4-V4.2.,Cómo responden los organismos a cambios en su ambiente,Obtención de alimento y respuesta de los seres vivos a cambios externos,Características y procesos vitales de los organismos,24,27,
T4-V3.3,T4_27-B4.3,igual,sí,Impacto humano pasa al área Ecosistemas; se separa en contaminación y conducta humana.,Impacto positivo y negativo del ser humano en el ambiente,Impacto humano en los ecosistemas,Ecosistemas,24,28,
T4-V4.1,T4_27-B4.1,igual,sí,"Mismo contenido; lista cerrada de ecosistemas (bosque, selva, desierto, sabana…).",Relacionar plantas y animales comunes con su ecosistema,Ecosistemas comunes,Ecosistemas,24,28,
T4-V4.2,T4_27-B4.2,dividido,sí,"Cadena alimentaria y depredador-presa siguen en B4.2; «plantas fabrican su alimento, animales comen» pasa a B1.4.",Cadenas alimentarias; roles de organismos; depredador-presa,Relaciones en los ecosistemas,Ecosistemas,24,28,
T4-V4.2,T4_27-B1.4,dividido,no,"Cadena alimentaria y depredador-presa siguen en B4.2; «plantas fabrican su alimento, animales comen» pasa a B1.4.",Cadenas alimentarias; roles de organismos; depredador-presa,Obtención de alimento y respuesta de los seres vivos a cambios externos,Características y procesos vitales de los organismos,24,27,
T4-V4.3,T4_27-B4.2,fusionado,sí,Competencia se integra a «Relaciones en los ecosistemas». Recibe también: T4-V4.2.,Competencia entre organismos por recursos del ecosistema,Relaciones en los ecosistemas,Ecosistemas,24,28,
T4-V5.1,T4_27-B5.2,igual,sí,Mismo contenido; agrega salud mental.,Conductas saludables y componentes de una dieta balanceada,Hábitos para mantener una buena salud,Salud humana,25,28,Agrega salud mental.
T4-V5.2,T4_27-B5.1,igual,sí,Mismo contenido (contagio y prevención).,Transmisión de enfermedades por contacto; formas de prevención,Transmisión y prevención de enfermedades,Salud humana,25,28,
T4-F1.1,T4_27-P1.1,fusionado,sí,Estados de la materia; en 2027 el mismo objetivo incluye los cambios de estado. Recibe también: T4-F1.4.,Tres estados de la materia y sus características,Estados de la materia,Propiedades y cambios de la materia,25,29,
T4-F1.2,T4_27-P1.2,dividido,sí,Propiedades y metales siguen en P1.2; mezclas y su separación pasan a P1.3.,Comparar y clasificar objetos por propiedades físicas; propiedades de metales; mezclas,Propiedades físicas para clasificar la materia,Propiedades y cambios de la materia,25,29,
T4-F1.2,T4_27-P1.3,dividido,no,Propiedades y metales siguen en P1.2; mezclas y su separación pasan a P1.3.,Comparar y clasificar objetos por propiedades físicas; propiedades de metales; mezclas,Cambios físicos y químicos en la vida diaria,Propiedades y cambios de la materia,25,30,
T4-F1.3,T4_27-P4.2,igual,sí,Imanes pasan de «materia» a la nueva área Electricidad y magnetismo.,Polos de imanes se atraen/repelen; imanes atraen ciertos metales,Atracción y repulsión magnética,Electricidad y magnetismo,26,30,
T4-F1.4,T4_27-P1.3,dividido,sí,Cambios físicos van a P1.3; cambios de estado por calor/frío van a P1.1.,Cambios físicos observables; cambios de estado por calentamiento/enfriamiento,Cambios físicos y químicos en la vida diaria,Propiedades y cambios de la materia,26,30,
T4-F1.4,T4_27-P1.1,dividido,no,Cambios físicos van a P1.3; cambios de estado por calor/frío van a P1.1.,Cambios físicos observables; cambios de estado por calentamiento/enfriamiento,Estados de la materia,Propiedades y cambios de la materia,26,29,
T4-F1.5,T4_27-P1.3,fusionado,sí,"Cambios químicos y rapidez de disolución se reúnen en P1.3 con los cambios físicos. Recibe también: T4-F1.2, T4-F1.4.",Cambios químicos observables; formas de acelerar la disolución,Cambios físicos y químicos en la vida diaria,Propiedades y cambios de la materia,26,30,
T4-F2.1,T4_27-P2.1,dividido,sí,"Usos de la energía siguen en P2.1; las FUENTES (sol, agua, viento, combustibles) pasan a recursos de la Tierra (E3.1).",Fuentes de energía y sus usos prácticos,Usos de la energía en la vida diaria,Energía y transferencia de energía,26,30,
T4-F2.1,T4_27-E3.1,dividido,no,"Usos de la energía siguen en P2.1; las FUENTES (sol, agua, viento, combustibles) pasan a recursos de la Tierra (E3.1).",Fuentes de energía y sus usos prácticos,Recursos de la Tierra,"Recursos de la Tierra, uso y conservación",26,32,
T4-F2.2,T4_27-P3.1,dividido,sí,Nueva área Luz y sonido: la luz (P3.1) y el sonido (P3.2) son objetivos separados.,"Luz (sombras, reflejos, arcoíris) y sonido (vibraciones, eco)",La luz en la vida diaria,Luz y sonido,26,30,Área nueva Luz y sonido (antes dentro de Energía); el contenido existía.
T4-F2.2,T4_27-P3.2,dividido,no,Nueva área Luz y sonido: la luz (P3.1) y el sonido (P3.2) son objetivos separados.,"Luz (sombras, reflejos, arcoíris) y sonido (vibraciones, eco)",El sonido en la vida diaria,Luz y sonido,26,30,Área nueva Luz y sonido (antes dentro de Energía); el contenido existía.
T4-F2.3,T4_27-P2.2,igual,sí,Mismo contenido (calentamiento y enfriamiento por contacto).,Cambios de temperatura al contacto entre objetos calientes y fríos,Calentamiento y enfriamiento,Energía y transferencia de energía,26,30,
T4-F2.4,T4_27-P4.1,igual,sí,Pasa a la nueva área Electricidad y magnetismo; agrega identificar diagramas de circuitos.,Energía eléctrica se transforma en otras formas; requisitos de un circuito,Electricidad y dispositivos eléctricos sencillos,Electricidad y magnetismo,26,30,Agrega identificar diagramas de circuitos completos.
T4-F3.1,T4_27-P5.1,igual,sí,Mismo contenido; agrega la resistencia del aire.,Gravedad; las fuerzas cambian el movimiento; efectos de la fricción,Fuerzas comunes y movimiento de los objetos,Movimiento y fuerzas,27,31,
T4-F3.2,T4_27-P5.2,igual,sí,Mismo contenido (máquinas simples).,Máquinas simples reducen la fuerza necesaria,Máquinas simples,Movimiento y fuerzas,27,31,
T4-T1.1,T4_27-E1.1,igual,sí,Mismo contenido; pasa a ser ambiental.,Distribución de tierra y agua; ubicación de agua dulce y salada,Características físicas de la superficie terrestre,"Rasgos, procesos e historia de la Tierra",27,32,
T4-T1.2,T4_27-E3.1,fusionado,sí,Recursos pasan a un área propia (III); en 2027 recibe también las fuentes de energía. Recibe también: T4-F2.1.,Recursos de la Tierra y su uso responsable,Recursos de la Tierra,"Recursos de la Tierra, uso y conservación",27,32,
T4-T1.3,T4_27-E1.2,igual,sí,Mismo contenido (paisaje y fósiles).,Viento y agua modelan el paisaje; fósiles en rocas,Historia de la Tierra,"Rasgos, procesos e historia de la Tierra",28,32,
T4-T2.1,,sin_equivalente,,Se elimina «aplicar cambios de estado del agua al tiempo atmosférico». Lo más cercano: T4_27-P1.1 (cambios de estado del agua).,Aplicar cambios de estado a fenómenos del tiempo atmosférico,,,28,,
T4-T2.2,T4_27-E2.1,fusionado,sí,Variación del tiempo por día y lugar; el área se renombra «La atmósfera terrestre». Recibe también: T4-T2.3.,Variación del tiempo atmosférico según la ubicación geográfica,Tiempo atmosférico y climas,La atmósfera terrestre,28,32,
T4-T2.3,T4_27-E2.1,fusionado,sí,Estaciones y calentamiento global se reúnen con la variación del tiempo en E2.1. Recibe también: T4-T2.2.,Cambios estacionales de temperatura y lluvia; calentamiento global,Tiempo atmosférico y climas,La atmósfera terrestre,28,32,
T4-T3.1,T4_27-E4.1,igual,sí,Mismo contenido (sistema solar y Luna).,Sistema Solar; la Luna gira alrededor de la Tierra,Objetos del sistema solar y sus movimientos,La Tierra en el sistema solar,28,32,
T4-T3.2,T4_27-E4.2,igual,sí,"Día y noche se mantiene; en 4.° se elimina explicar las estaciones por la inclinación del eje (queda en 8.°, T8_27-E4.1).",Día y noche por rotación; estaciones por inclinación del eje,Movimientos de la Tierra y patrones observables,La Tierra en el sistema solar,28,32,
T8-B1.1,T8_27-B1.1,igual,sí,Mismo contenido; agrega bacterias.,Grupos taxonómicos: rasgos que los definen y clasificación de organismos,Diferencias entre los grandes grupos taxonómicos,Características y procesos vitales de los organismos,30,34,
T8-B1.2,T8_27-B1.2,igual,sí,Mismo contenido (sistemas de órganos).,"Sistemas de órganos: ubicar órganos, comparar vertebrados, explicar funciones",Estructura y función de los principales sistemas de órganos,Características y procesos vitales de los organismos,30,34,
T8-B1.3,T8_27-B1.3,fusionado,sí,Homeostasis; en 2027 el mismo objetivo incluye fotosíntesis y respiración. Recibe también: T8-B2.2.,Procesos fisiológicos: respuestas que mantienen condiciones corporales estables,Procesos fisiológicos en plantas y animales,Características y procesos vitales de los organismos,30,34,
T8-B2.1,T8_27-B2.1,igual,sí,Mismo contenido; la vacuola también distingue la célula vegetal.,"Estructura celular: organelos, célula vegetal vs. animal, tejidos y órganos",Estructura y funciones de la célula,Las células y sus funciones,30,34,
T8-B2.2,T8_27-B1.3,fusionado,sí,Fotosíntesis y respiración celular pasan de «Células» a «Procesos vitales» y son ambientales. Recibe también: T8-B1.3.,Fotosíntesis y respiración celular: entradas y salidas,Procesos fisiológicos en plantas y animales,Características y procesos vitales de los organismos,31,34,
T8-B3.1,,sin_equivalente,,"Se elimina «ciclos de vida y patrones de desarrollo» en 8.° (en 2027 solo está en 4.°, T4_27-B2.1).",Ciclos de vida y patrones de crecimiento,,,31,,
T8-B3.2,T8_27-B3.1,igual,sí,"Mismo contenido (reproducción sexual, ADN, rasgos heredados).","Reproducción sexual, material genético y herencia; rasgos heredados vs. adquiridos",Reproducción sexual y herencia en plantas y animales,"Ciclos de vida, reproducción y herencia",31,35,
T8-B4.1,T8_27-B4.1,igual,sí,Mismo contenido; los dos sub-ítems 2023 se unen en uno.,Variación y ventaja de supervivencia; extinción y éxito reproductivo,La variación como base de la selección natural,"Diversidad, adaptación y selección natural",31,35,
T8-B4.2,T8_27-B4.2,igual,sí,Mismo contenido (fósiles y ancestro común).,Evidencias del cambio: fósiles y ancestros comunes,Evidencias del cambio de la vida en la Tierra,"Diversidad, adaptación y selección natural",31,35,
T8-B5.1,T8_27-B5.2,dividido,sí,Flujo de energía y pirámides quedan en B5.2; productores/consumidores/descomponedores y redes tróficas pasan a B5.4.,"Flujo de energía: productores, consumidores, descomponedores, redes y pirámides",Flujo de energía en los ecosistemas,Ecosistemas,31,35,
T8-B5.1,T8_27-B5.4,dividido,no,Flujo de energía y pirámides quedan en B5.2; productores/consumidores/descomponedores y redes tróficas pasan a B5.4.,"Flujo de energía: productores, consumidores, descomponedores, redes y pirámides",Relaciones en los ecosistemas,Ecosistemas,31,36,
T8-B5.2,T8_27-B5.3,igual,sí,"Mismo contenido (ciclos del agua, oxígeno y carbono).","Ciclos del agua, oxígeno y carbono en ecosistemas","Ciclos del agua, el oxígeno y el carbono en los ecosistemas",Ecosistemas,32,35,
T8-B5.3,T8_27-B5.4,fusionado,sí,"Competencia, depredación y simbiosis se reúnen con redes tróficas en B5.4. Recibe también: T8-B5.1.","Relaciones entre poblaciones: competencia, depredación, simbiosis",Relaciones en los ecosistemas,Ecosistemas,32,36,
T8-B5.4,T8_27-B5.5,igual,sí,Mismo contenido (factores limitantes y predicción).,Factores que afectan poblaciones; factores limitantes; predicción de cambios,Factores que afectan el tamaño de las poblaciones,Ecosistemas,32,36,
T8-B5.5,T8_27-B5.6,igual,sí,Mismo contenido (impacto humano positivo y negativo).,Impacto humano positivo y negativo en el ambiente,Impacto humano en los ecosistemas,Ecosistemas,32,36,
T8-B6.1,T8_27-B6.1,igual,sí,Mismo contenido; agrega explícitamente el papel de las vacunas.,"Enfermedades: causas, transmisión, prevención; sistema inmune","Causas, transmisión, prevención y resistencia a enfermedades",Salud humana,32,36,Agrega cómo las vacunas entrenan al sistema inmunitario.
T8-B6.2,T8_27-B6.2,igual,sí,Mismo contenido; agrega salud mental.,Dieta y ejercicio; fuentes y funciones de nutrientes,Hábitos para mantener una buena salud,Salud humana,33,37,
T8-Q1.1,T8_27-C1.1,fusionado,sí,Átomos y moléculas; en 2027 el mismo objetivo incluye el enlace químico. Recibe también: T8-Q3.3.,Átomos (partículas subatómicas) y moléculas; materia como partículas,Estructura de átomos y moléculas,Composición de la materia,33,38,
T8-Q1.2,T8_27-C1.2,igual,sí,"Mismo contenido (elementos, compuestos, mezclas).","Elementos, compuestos y mezclas; sustancias puras vs. mezclas","Elementos, compuestos y mezclas",Composición de la materia,33,38,
T8-Q1.3,T8_27-C1.3,igual,sí,Mismo contenido (tabla periódica).,"Tabla periódica: orden por número de protones, grupos y propiedades",La tabla periódica,Composición de la materia,33,38,
T8-Q2.1,T8_27-C2.1,fusionado,sí,Propiedades físicas vs químicas y usos se reúnen con la clasificación en C2.1. Recibe también: T8-Q2.2.,Propiedades físicas vs. químicas; usos según propiedades,Propiedades físicas y químicas para clasificar y usar materiales,Propiedades de la materia,34,38,
T8-Q2.2,T8_27-C2.1,fusionado,sí,Clasificar por propiedades se reúne en C2.1. Recibe también: T8-Q2.1.,Clasificar sustancias por propiedades físicas o químicas,Propiedades físicas y químicas para clasificar y usar materiales,Propiedades de la materia,34,38,
T8-Q2.3,T8_27-C2.2,igual,sí,Mismo contenido (mezclas y disoluciones).,"Mezclas y disoluciones: separación, disolución y factores",Mezclas y disoluciones,Propiedades de la materia,34,38,
T8-Q2.4,T8_27-C2.3,igual,sí,Mismo contenido; el pH pasa a un sub-ítem con neutralización e indicadores.,"Ácidos y bases: sustancias cotidianas, indicadores, neutralización",Propiedades de ácidos y bases,Propiedades de la materia,34,39,
T8-Q3.1,T8_27-C3.1,igual,sí,Mismo contenido; el área se renombra «Reacciones químicas».,Cambio químico vs. físico; evidencias de reacción,Características de las reacciones químicas,Reacciones químicas,34,39,
T8-Q3.2,T8_27-C3.2,igual,sí,"Mismo contenido (conservación, energía, rapidez).",Conservación de la materia; energía liberada/absorbida; velocidad de reacción,Materia y energía en las reacciones químicas,Reacciones químicas,35,39,
T8-Q3.3,T8_27-C1.1,fusionado,sí,El enlace químico pasa del área de cambio químico a «Composición de la materia». Recibe también: T8-Q1.1.,Enlace químico como atracción entre átomos que involucra electrones,Estructura de átomos y moléculas,Composición de la materia,35,38,
T8-F1.1,T8_27-P1.1,igual,sí,Mismo contenido (partículas y propiedades).,Movimiento de partículas y propiedades físicas,"Movimiento de partículas en sólidos, líquidos y gases",Estados físicos y cambios de la materia,36,40,
T8-F1.2,T8_27-P1.2,fusionado,sí,Cambios de estado; en 2027 el mismo objetivo incluye la temperatura constante en el cambio de fase. Recibe también: T8-F2.2.,Cambios de estado por energía térmica; factores que afectan su rapidez,Cambios de estado,Estados físicos y cambios de la materia,36,41,
T8-F2.1,T8_27-P2.1,igual,sí,"Mismo contenido (formas, transformación y conservación).","Formas de energía, transformaciones y conservación",Formas de energía y conservación de la energía,Transformación y transferencia de energía,36,41,
T8-F2.2,T8_27-P2.2,dividido,sí,Transferencia y conductividad quedan en P2.2; temperatura constante en cambios de fase pasa a P1.2.,"Transferencia térmica, conductividad, temperatura constante en cambios de fase",Transferencia de energía térmica,Transformación y transferencia de energía,36,41,
T8-F2.2,T8_27-P1.2,dividido,no,Transferencia y conductividad quedan en P2.2; temperatura constante en cambios de fase pasa a P1.2.,"Transferencia térmica, conductividad, temperatura constante en cambios de fase",Cambios de estado,Estados físicos y cambios de la materia,36,41,
T8-F3.1,T8_27-P3.1,igual,sí,Mismo contenido (propiedades de la luz).,Propiedades de la luz; diagramas de rayos,Propiedades de la luz,Luz y sonido,36,41,
T8-F3.2,T8_27-P3.2,igual,sí,Mismo contenido (propiedades del sonido).,Propiedades del sonido y fenómenos asociados,Propiedades del sonido,Luz y sonido,37,41,
T8-F4.1,T8_27-P4.1,igual,sí,Mismo contenido; agrega distinguir circuitos en serie y en paralelo.,Conductores y aislantes; componentes y diagramas de circuitos,Conductores y corriente en circuitos eléctricos,Electricidad y magnetismo,37,41,Agrega distinguir circuitos en serie y en paralelo.
T8-F4.2,T8_27-P4.2,igual,sí,Mismo contenido (imanes y electroimanes).,Imanes permanentes y electroimanes: propiedades y usos,Propiedades y usos de imanes permanentes y electroimanes,Electricidad y magnetismo,37,42,
T8-F5.1,T8_27-P5.1,igual,sí,Mismo contenido (rapidez y aceleración).,Rapidez y aceleración,Movimiento,Movimiento y fuerzas,37,42,
T8-F5.2,T8_27-P5.2,igual,sí,Mismo contenido; se elimina la gravedad en distintos planetas.,"Fuerzas mecánicas, magnitud y dirección; gravedad en distintos planetas",Fuerzas comunes y sus características,Movimiento y fuerzas,37,42,
T8-F5.3,T8_27-P5.3,igual,sí,Mismo contenido; agrega resistencia del aire.,"Máquinas simples, flotación, presión, predicción de cambios de movimiento",Efectos de las fuerzas,Movimiento y fuerzas,37,42,
T8-T1.1,T8_27-E1.1,fusionado,sí,Capas y agua; en 2027 el mismo objetivo incluye desalinización y potabilización. Recibe también: T8-T3.2.,Capas de la Tierra y sus características,Estructura de la Tierra y distribución del agua,"Rasgos, procesos e historia de la Tierra",38,43,
T8-T1.2,T8_27-E2.1,igual,sí,Pasa a la nueva área Atmósfera; se elimina la relación con procesos vitales.,"Composición de la atmósfera, relación con la vida y con la altitud",Componentes de la atmósfera y condiciones atmosféricas,La atmósfera terrestre,38,44,
T8-T2.1,T8_27-E1.2,igual,sí,Mismo contenido; agrega el impacto de asteroides.,"Procesos geológicos: ciclo de las rocas, eventos que cambian la superficie, fósiles",Procesos geológicos,"Rasgos, procesos e historia de la Tierra",39,43,
T8-T2.2,T8_27-E2.2,igual,sí,Pasa a la nueva área Atmósfera; agrega formación de nubes por enfriamiento del aire.,Ciclo del agua y papel de la energía solar,El ciclo del agua,La atmósfera terrestre,39,44,Agrega formación de nubes y lluvia por enfriamiento del aire que asciende.
T8-T2.3,T8_27-E2.3,dividido,sí,"Tiempo vs clima queda en E2.3; evidencias del cambio climático pasan a E2.4 (objetivo propio, con CAUSAS nuevas).",Tiempo atmosférico vs. clima; patrones climáticos; evidencias del cambio climático,Tiempo atmosférico y clima,La atmósfera terrestre,39,44,
T8-T2.3,T8_27-E2.4,dividido,no,"Tiempo vs clima queda en E2.3; evidencias del cambio climático pasan a E2.4 (objetivo propio, con CAUSAS nuevas).",Tiempo atmosférico vs. clima; patrones climáticos; evidencias del cambio climático,Cambio climático,La atmósfera terrestre,39,44,"Objetivo propio de cambio climático; agrega CAUSAS (gases de efecto invernadero, volcanes)."
T8-T3.1,T8_27-E3.2,dividido,sí,Renovables y conservación van a E3.2; fuentes de energía a E3.1 (objetivo propio).,Recursos renovables y no renovables; fuentes de energía; conservación,Gestión de los recursos de la Tierra,"Recursos de la Tierra, uso y conservación",39,44,
T8-T3.1,T8_27-E3.1,dividido,no,Renovables y conservación van a E3.2; fuentes de energía a E3.1 (objetivo propio).,Recursos renovables y no renovables; fuentes de energía; conservación,Fuentes de energía,"Recursos de la Tierra, uso y conservación",39,44,
T8-T3.2,T8_27-E3.2,dividido,sí,Uso del suelo va a E3.2; métodos para obtener agua dulce pasan a E1.1.,Uso del suelo y del agua; conservación del agua,Gestión de los recursos de la Tierra,"Recursos de la Tierra, uso y conservación",39,44,
T8-T3.2,T8_27-E1.1,dividido,no,Uso del suelo va a E3.2; métodos para obtener agua dulce pasan a E1.1.,Uso del suelo y del agua; conservación del agua,Estructura de la Tierra y distribución del agua,"Rasgos, procesos e historia de la Tierra",39,43,
T8-T4.1,T8_27-E4.1,igual,sí,Mismo contenido; agrega efectos de la rotación y quita constelaciones.,"Fenómenos observables: traslación, mareas, fases lunares, eclipses",Fenómenos observables por los movimientos de la Tierra y la Luna,La Tierra en el sistema solar,40,45,"Agrega efectos de la rotación (día, noche, sombras) en 8.°."
T8-T4.2,T8_27-E4.2,igual,sí,Mismo contenido; se quitan las otras estrellas.,"Sol como estrella; comparar Tierra, Luna y planetas; gravedad y órbitas","El Sol, la Tierra, la Luna y los planetas",La Tierra en el sistema solar,40,45,
,T4_27-B6.1,nuevo_2027,,"Área nueva Investigaciones biológicas: prueba justa, observación vs inferencia, uso de lupa.",,Rasgos y equipo de una investigación biológica,Investigaciones biológicas,,28,objetivo nuevo
,T4_27-P6.1,nuevo_2027,,"Área nueva Investigaciones en ciencias físicas: preguntas comprobables, mediciones repetidas, balanza, cronómetro.",,Rasgos y uso de equipo en una investigación de ciencias físicas,Investigaciones en ciencias físicas,,31,objetivo nuevo
,T4_27-E5.1,nuevo_2027,,"Área nueva Investigaciones en ciencias de la Tierra: termómetro, brújula, pluviómetro.",,Uso de equipo en investigaciones de ciencias de la Tierra,Investigaciones en ciencias de la Tierra,,33,objetivo nuevo
,T8_27-B5.1,nuevo_2027,,"Contenido nuevo: comparar ecosistemas naturales, rurales y urbanos (ambiental).",,"Ecosistemas naturales, urbanos y rurales",Ecosistemas,,35,objetivo nuevo
,T8_27-B7.1,nuevo_2027,,"Área nueva Investigaciones biológicas: pregunta investigable, variables control/tratamiento, microscopio.",,Rasgos y equipo de una investigación biológica,Investigaciones biológicas,,37,objetivo nuevo
,T8_27-C4.1,nuevo_2027,,"Área nueva Investigaciones químicas: preguntas comprobables, una variable a la vez, equipo y seguridad.",,Rasgos y equipo de una investigación química,Investigaciones químicas,,39,objetivo nuevo
,T8_27-P6.1,nuevo_2027,,"Área nueva Investigaciones en física: preguntas contestables, repetir mediciones, amperímetro, dinamómetro.",,Rasgos y equipo de una investigación en física,Investigaciones en física,,42,objetivo nuevo
,T8_27-E5.1,nuevo_2027,,"Área nueva Investigaciones en ciencias de la Tierra: telescopio, brújula.",,Equipo usado en investigaciones de ciencias de la Tierra,Investigaciones en ciencias de la Tierra,,45,objetivo nuevo
