clave,tipo,decision_tomada,justificacion,decidido_por,estado,decision (aceptar|cambiar|rechazar),nuevos_conceptos (ids; separados por ;),comentario,revisado_por
CON:ciencias_tierra_espacio/calidad-del-aire|CON:quimica/composicion-del-aire-y-contaminantes,equivalencia_retirada,Retirar la equivalencia «Calidad del aire y contaminación atmosférica» ≡ «Composición del aire y contaminantes atmosféricos»,"Focos distintos: Química identifica los gases y contaminantes; Tierra y Espacio mide concentraciones, índices y efectos. Identificar precede a evaluar.",sesión 2026-10-09 (decisión pedagógica delegada por el responsable del proyecto),pendiente de confirmar,,,,
CON:biologia/proteinas-estructura-y-funcion|CON:quimica/aminoacidos-y-proteinas,equivalencia_retirada,Retirar la equivalencia «Proteínas: estructura y función» ≡ «Aminoácidos y estructura de las proteínas»,"Focos distintos: Química trata el enlace peptídico y los niveles de estructura; Biología, cómo la forma determina la función. La estructura química es prerrequisito de la función.",sesión 2026-10-09 (decisión pedagógica delegada por el responsable del proyecto),pendiente de confirmar,,,,
CON:fisica/absorcion-radiacion-efecto-invernadero|CON:ciencias_tierra_espacio/efecto-invernadero,prerrequisito_rechazado,Rechazar el prerrequisito «Absorción de radiación y efecto invernadero» → «Efecto invernadero»,Son el mismo concepto (equivalencia revisada): uno no puede ser prerrequisito del otro. El prerrequisito real es la radiación infrarroja.,sesión 2026-10-09 (decisión pedagógica delegada por el responsable del proyecto),pendiente de confirmar,,,,
CON:quimica/configuracion-electronica,division,Dividir «Configuración electrónica por orbitales»: se crea «Distribución electrónica por niveles (modelo de capas)»,"El concepto mezclaba dos modelos. La regla del octeto, el enlace y la tabla periódica de secundaria se enseñan con el modelo de capas; los orbitales son de Bachillerato. Juntos, el enlace químico dependía de la mecánica cuántica (cadena de 30 prerrequisitos).",sesión 2026-10-09 (decisión pedagógica delegada por el responsable del proyecto),pendiente de confirmar,,,,
CON:biologia/inmunidad-adaptativa,clase_internacional,Clase de «Inmunidad adaptativa» en el contraste: solo_especializacion → alineado,"Defensa inmunitaria y vacunación en el núcleo de 4 países: ENG GCSE Combined p. 12, JP 生物基礎 「免疫の働き」 p. 120, SG Combined p. 49 (vacunas), EE gümnaasium p. 8.",sesión 2026-10-08 (revisión experta; pendiente de confirmar con el MINED),pendiente de confirmar,,,,
CON:biologia/inmunidad-innata,clase_internacional,Clase de «Inmunidad innata» en el contraste: solo_especializacion → alineado,"Defensas inespecíficas en el núcleo: ENG GCSE Combined p. 12, JP 生物基礎 p. 120, TW 國中 p. 28 (piel como primera barrera).",sesión 2026-10-08 (revisión experta; pendiente de confirmar con el MINED),pendiente de confirmar,,,,
CON:fisica/relaciones-presion-volumen-temperatura-gases,clase_internacional,Clase de «Relaciones presión-volumen-temperatura en gases» en el contraste: solo_especializacion → alineado,"Relación p-V-T en el núcleo de 3 países: ENG GCSE Combined p. 35 (cualitativa), EE gümnaasium p. 12 (ecuación de estado), TW 國中 p. 29 (Boyle cualitativa).",sesión 2026-10-08 (revisión experta; pendiente de confirmar con el MINED),pendiente de confirmar,,,,
CON:fisica/superposicion-interferencia,clase_internacional,Clase de «Superposición e interferencia de ondas» en el contraste: solo_especializacion → alineado,"Superposición en el núcleo de 3 países: JP 物理基礎 p. 109 (resonancia y batidos), TW 必修 p. 39 (interferencia, Huygens), EE gümnaasium p. 11.",sesión 2026-10-08 (revisión experta; pendiente de confirmar con el MINED),pendiente de confirmar,,,,
CON:quimica/equilibrio-en-procesos-industriales,clase_internacional,Clase de «Equilibrio y rapidez en procesos industriales» en el contraste: solo_especializacion → alineado,"Condiciones de equilibrio en procesos industriales en el núcleo: ENG GCSE Combined p. 24, EE gümnaasium p. 18, SG H1 p. 18 (Haber).",sesión 2026-10-08 (revisión experta; pendiente de confirmar con el MINED),pendiente de confirmar,,,,
