clave,concepto_dividido,conjunto,elemento,texto,asignado_a,decision (aceptar|cambiar|rechazar),nuevos_conceptos (ids; separados por ;),comentario,revisado_por
CON:quimica/configuracion-electronica::internacional::AU-IMP-AU-AC9S10U06,Configuración electrónica por orbitales,internacional,AU-IMP-AU-AC9S10U06,Explicar cómo la estructura y las propiedades de los átomos se relacionan con la organización de los elementos en la tabla periódica.,Distribución electrónica por niveles (modelo de capas),,,,
CON:quimica/configuracion-electronica::internacional::AU-QUI-au_ss_qui-p001-01,Configuración electrónica por orbitales,internacional,AU-QUI-au_ss_qui-p001-01,"Comprender que la estructura de la tabla periódica se basa en la configuración electrónica y muestra tendencias, incluyendo radios atómicos y valencias.",Configuración electrónica por orbitales,,,,
CON:quimica/configuracion-electronica::internacional::AU-QUI-au_ss_qui-p001-02,Configuración electrónica por orbitales,internacional,AU-QUI-au_ss_qui-p001-02,"Comprender que los isótopos de un elemento tienen la misma configuración electrónica y propiedades químicas similares, pero diferentes propiedades físicas, incluyendo la estabilidad nuclear.",Configuración electrónica por orbitales,,,,
CON:quimica/configuracion-electronica::internacional::AU-QUI-au_ss_qui-p001-04,Configuración electrónica por orbitales,internacional,AU-QUI-au_ss_qui-p001-04,Explicar las propiedades de los átomos y su capacidad para formar enlaces químicos mediante la disposición de los electrones y la estabilidad de la capa de valencia.,Distribución electrónica por niveles (modelo de capas),,,,
CON:quimica/configuracion-electronica::internacional::EE-QUI-ee_basic-p026-11,Configuración electrónica por orbitales,internacional,EE-QUI-ee_basic-p026-11,"Explicar la estructura atómica, usar la tabla periódica para hallar propiedades de elementos y dibujar diagramas de configuración electrónica.",Distribución electrónica por niveles (modelo de capas),,,,
CON:quimica/configuracion-electronica::internacional::EE-QUI-ee_gym-p018-10,Configuración electrónica por orbitales,internacional,EE-QUI-ee_gym-p018-10,Describir la disposición de los electrones en la capa electrónica externa de los átomos de los elementos del grupo A.,Distribución electrónica por niveles (modelo de capas),,,,
CON:quimica/configuracion-electronica::internacional::EE-QUI-ee_gym_ele-p027-07,Configuración electrónica por orbitales,internacional,EE-QUI-ee_gym_ele-p027-07,Explica la estructura atómica de los elementos hasta el cuarto período usando fórmulas electrónicas y saca conclusiones basadas en ellas.,Configuración electrónica por orbitales,,,,
CON:quimica/configuracion-electronica::internacional::EE-QUI-ee_gym_ele-p035-01,Configuración electrónica por orbitales,internacional,EE-QUI-ee_gym_ele-p035-01,"Explicar la disposición de electrones en átomos e iones mediante esquemas y fórmulas, y clasificar los elementos en s, p, d y f.",Distribución electrónica por niveles (modelo de capas) + Configuración electrónica por orbitales,,,,
CON:quimica/configuracion-electronica::internacional::ENG-QUI-eng_alevel-p009-05,Configuración electrónica por orbitales,internacional,ENG-QUI-eng_alevel-p009-05,"Describir la estructura y configuración electrónica de átomos (hasta Z=36) usando niveles de energía y orbitales s, p, d.",Distribución electrónica por niveles (modelo de capas) + Configuración electrónica por orbitales,,,,
CON:quimica/configuracion-electronica::internacional::ENG-QUI-eng_alevel-p010-14,Configuración electrónica por orbitales,internacional,ENG-QUI-eng_alevel-p010-14,"Organizar los elementos según su número de protones y estructura electrónica, clasificándolos en bloques s, p y d.",Distribución electrónica por niveles (modelo de capas) + Configuración electrónica por orbitales,,,,
CON:quimica/configuracion-electronica::internacional::ENG-QUI-eng_alevel-p011-01,Configuración electrónica por orbitales,internacional,ENG-QUI-eng_alevel-p011-01,Definir los metales de transición como elementos del bloque d que forman iones estables con orbitales d incompletos.,Configuración electrónica por orbitales,,,,
CON:quimica/configuracion-electronica::internacional::ENG-QUI-eng_gcse_comb-p019-04,Configuración electrónica por orbitales,internacional,ENG-QUI-eng_gcse_comb-p019-04,Explicar cómo la posición de un elemento en la Tabla Periódica se relaciona con la disposición de electrones en sus átomos y su número atómico.,Distribución electrónica por niveles (modelo de capas),,,,
CON:quimica/configuracion-electronica::internacional::ENG-QUI-eng_gcse_comb-p019-06,Configuración electrónica por orbitales,internacional,ENG-QUI-eng_gcse_comb-p019-06,"Explicar cómo las reacciones de los elementos se relacionan con la disposición de electrones en sus átomos y, por tanto, con su número atómico.",Distribución electrónica por niveles (modelo de capas),,,,
CON:quimica/configuracion-electronica::internacional::ENG-QUI-eng_gcse_comb-p020-02,Configuración electrónica por orbitales,internacional,ENG-QUI-eng_gcse_comb-p020-02,Explicar cómo la estructura atómica de los metales y no metales se relaciona con su posición en la Tabla Periódica.,Distribución electrónica por niveles (modelo de capas),,,,
CON:quimica/configuracion-electronica::internacional::ENG-QUI-eng_gcse_triple-p020-03,Configuración electrónica por orbitales,internacional,ENG-QUI-eng_gcse_triple-p020-03,Explicar las propiedades periódicas de los elementos en función de su estructura atómica.,Distribución electrónica por niveles (modelo de capas),,,,
CON:quimica/configuracion-electronica::internacional::ENG-QUI-eng_gcse_triple-p021-07,Configuración electrónica por orbitales,internacional,ENG-QUI-eng_gcse_triple-p021-07,Explicar cómo la estructura atómica de los metales y no metales se relaciona con su posición en la Tabla Periódica.,Distribución electrónica por niveles (modelo de capas),,,,
CON:quimica/configuracion-electronica::internacional::ENG-QUI-eng_gcse_triple-p021-08,Configuración electrónica por orbitales,internacional,ENG-QUI-eng_gcse_triple-p021-08,Explicar cómo la posición de un elemento en la Tabla Periódica se relaciona con la disposición de sus electrones y su número atómico.,Distribución electrónica por niveles (modelo de capas),,,,
CON:quimica/configuracion-electronica::internacional::ENG-QUI-eng_gcse_triple-p021-10,Configuración electrónica por orbitales,internacional,ENG-QUI-eng_gcse_triple-p021-10,Explicar cómo las reacciones de los elementos se relacionan con la disposición de electrones en sus átomos y su número atómico.,Distribución electrónica por niveles (modelo de capas),,,,
CON:quimica/configuracion-electronica::internacional::HK-QUI-hk_qui-p019-02,Configuración electrónica por orbitales,internacional,HK-QUI-hk_qui-p019-02,Comprender la estabilidad de los gases nobles en relación con sus configuraciones electrónicas.,Distribución electrónica por niveles (modelo de capas),,,,
CON:quimica/configuracion-electronica::internacional::HK-QUI-hk_qui-p019-03,Configuración electrónica por orbitales,internacional,HK-QUI-hk_qui-p019-03,Comprender y deducir las configuraciones electrónicas de los átomos.,Distribución electrónica por niveles (modelo de capas),,,,
CON:quimica/configuracion-electronica::internacional::HK-QUI-hk_qui-p019-07,Configuración electrónica por orbitales,internacional,HK-QUI-hk_qui-p019-07,Conocer la configuración electrónica de los átomos (hasta Z=20).,Distribución electrónica por niveles (modelo de capas),,,,
CON:quimica/configuracion-electronica::internacional::HK-QUI-hk_qui-p019-21,Configuración electrónica por orbitales,internacional,HK-QUI-hk_qui-p019-21,Representar las configuraciones electrónicas de los átomos usando diagramas de electrones.,Distribución electrónica por niveles (modelo de capas),,,,
CON:quimica/configuracion-electronica::internacional::HK-QUI-hk_qui-p019-25,Configuración electrónica por orbitales,internacional,HK-QUI-hk_qui-p019-25,Conocer la posición de los elementos en la Tabla Periódica en relación con sus configuraciones electrónicas.,Distribución electrónica por niveles (modelo de capas),,,,
CON:quimica/configuracion-electronica::internacional::HK-QUI-hk_qui-p019-28,Configuración electrónica por orbitales,internacional,HK-QUI-hk_qui-p019-28,Relacionar la posición de un elemento en la Tabla Periódica con su estructura electrónica y viceversa.,Distribución electrónica por niveles (modelo de capas),,,,
CON:quimica/configuracion-electronica::internacional::HK-QUI-hk_qui-p019-29,Configuración electrónica por orbitales,internacional,HK-QUI-hk_qui-p019-29,"Relacionar las configuraciones electrónicas con las propiedades químicas de los elementos de los Grupos I, II, VII y 0.",Distribución electrónica por niveles (modelo de capas),,,,
CON:quimica/configuracion-electronica::internacional::HK-QUI-hk_qui-p022-06,Configuración electrónica por orbitales,internacional,HK-QUI-hk_qui-p022-06,Investigar las similitudes químicas de los elementos del mismo grupo de la Tabla Periódica.,Distribución electrónica por niveles (modelo de capas),,,,
CON:quimica/configuracion-electronica::internacional::JP-QUI-jp_45-p115-08,Configuración electrónica por orbitales,internacional,JP-QUI-jp_45-p115-08,"Comprender la formación de iones en relación con la configuración electrónica, así como los enlaces iónicos y las propiedades de las sustancias iónicas.",Distribución electrónica por niveles (modelo de capas),,,,
CON:quimica/configuracion-electronica::internacional::JP-QUI-jp_45-p115-09,Configuración electrónica por orbitales,internacional,JP-QUI-jp_45-p115-09,Comprender la ley periódica de los elementos y la relación entre la configuración electrónica atómica y los grupos y períodos de la tabla periódica.,Distribución electrónica por niveles (modelo de capas),,,,
CON:quimica/configuracion-electronica::internacional::JP-QUI-jp_45-p116-06,Configuración electrónica por orbitales,internacional,JP-QUI-jp_45-p116-06,"Explicar la configuración electrónica de elementos representativos y la ley periódica, abordando los cambios en la energía de ionización.",Distribución electrónica por niveles (modelo de capas),,,,
CON:quimica/configuracion-electronica::internacional::JP-QUI-jp_55-p118-10,Configuración electrónica por orbitales,internacional,JP-QUI-jp_55-p118-10,Comprender las propiedades de las sustancias simples y los compuestos de los elementos de transición.,Configuración electrónica por orbitales,,,,
CON:quimica/configuracion-electronica::internacional::JP-QUI-jp_55-p119-18,Configuración electrónica por orbitales,internacional,JP-QUI-jp_55-p119-18,"Tratar los elementos de transición cromo, manganeso, hierro, cobre, zinc y plata.",Configuración electrónica por orbitales,,,,
CON:quimica/configuracion-electronica::internacional::KR-QUI-kr_tonghap-p085-04,Configuración electrónica por orbitales,internacional,KR-QUI-kr_tonghap-p085-04,"Explicar por qué los elementos forman enlaces químicos comparándolos con elementos estables, usando la configuración electrónica con el modelo de capas para los grupos 1 y 17.",Distribución electrónica por niveles (modelo de capas),,,,
CON:quimica/configuracion-electronica::internacional::ON-QUI-on_sch3u-p092-08,Configuración electrónica por orbitales,internacional,ON-QUI-on_sch3u-p092-08,Los elementos tienen propiedades físicas y químicas predecibles que están determinadas por su estructura.,Distribución electrónica por niveles (modelo de capas),,,,
CON:quimica/configuracion-electronica::internacional::ON-QUI-on_sch3u-p097-02,Configuración electrónica por orbitales,internacional,ON-QUI-on_sch3u-p097-02,Enunciar la ley periódica y explicar cómo los patrones en la disposición de electrones y fuerzas atómicas resultan en tendencias periódicas en la tabla periódica.,Distribución electrónica por niveles (modelo de capas),,,,
CON:quimica/configuracion-electronica::internacional::ON-QUI-on_sch4u-p112-06,Configuración electrónica por orbitales,internacional,ON-QUI-on_sch4u-p112-06,"Escribir configuraciones electrónicas para diversos elementos de la tabla periódica aplicando el principio de exclusión de Pauli, la regla de Hund y el principio de Aufbau.",Configuración electrónica por orbitales,,,,
CON:quimica/configuracion-electronica::internacional::ON-QUI-on_sch4u-p113-01,Configuración electrónica por orbitales,internacional,ON-QUI-on_sch4u-p113-01,"Describir las configuraciones electrónicas de elementos usando niveles de energía en capas y subcapas, el principio de exclusión de Pauli, la regla de Hund y el principio de Aufbau.",Distribución electrónica por niveles (modelo de capas) + Configuración electrónica por orbitales,,,,
CON:quimica/configuracion-electronica::internacional::ON-QUI-on_sch4u-p113-05,Configuración electrónica por orbitales,internacional,ON-QUI-on_sch4u-p113-05,"Identificar propiedades características de elementos en los bloques s, p y d, y explicar la relación entre su posición en la tabla periódica, propiedades y configuración electrónica.",Configuración electrónica por orbitales,,,,
CON:quimica/configuracion-electronica::internacional::ON-QUI-on_snc1w-p051-02,Configuración electrónica por orbitales,internacional,ON-QUI-on_snc1w-p051-02,Explicar la relación entre la posición de un elemento en la tabla periódica y la estructura de sus átomos mediante el uso de modelos.,Distribución electrónica por niveles (modelo de capas),,,,
CON:quimica/configuracion-electronica::internacional::SG-QUI-sg_h1_qui-p011-03,Configuración electrónica por orbitales,internacional,SG-QUI-sg_h1_qui-p011-03,Deducir las configuraciones electrónicas de los elementos a partir de datos de energía de ionización sucesiva.,Configuración electrónica por orbitales,,,,
CON:quimica/configuracion-electronica::internacional::SG-QUI-sg_h1_qui-p011-09,Configuración electrónica por orbitales,internacional,SG-QUI-sg_h1_qui-p011-09,Explicar los factores que influyen en las energías de ionización de los elementos.,Configuración electrónica por orbitales,,,,
CON:quimica/configuracion-electronica::internacional::SG-QUI-sg_h1_qui-p011-11,Configuración electrónica por orbitales,internacional,SG-QUI-sg_h1_qui-p011-11,Indicar la configuración electrónica de átomos e iones dado el número de protones y la carga.,Configuración electrónica por orbitales,,,,
CON:quimica/configuracion-electronica::internacional::SG-QUI-sg_h1_qui-p011-12,Configuración electrónica por orbitales,internacional,SG-QUI-sg_h1_qui-p011-12,Interpretar datos de energía de ionización sucesiva de un elemento en función de su posición en la Tabla Periódica.,Configuración electrónica por orbitales,,,,
CON:quimica/configuracion-electronica::internacional::SG-QUI-sg_h1_qui-p014-02,Configuración electrónica por orbitales,internacional,SG-QUI-sg_h1_qui-p014-02,"Describir y explicar las tendencias de radio atómico e iónico, energía de ionización y electronegatividad en un grupo según capas electrónicas, apantallamiento y carga nuclear.",Distribución electrónica por niveles (modelo de capas),,,,
CON:quimica/configuracion-electronica::internacional::SG-QUI-sg_h1_qui-p014-07,Configuración electrónica por orbitales,internacional,SG-QUI-sg_h1_qui-p014-07,Reconocer la variación en las configuraciones electrónicas a lo largo de un período y al descender por un grupo.,Configuración electrónica por orbitales,,,,
CON:quimica/configuracion-electronica::internacional::SG-QUI-sg_h2_qui-p011-23,Configuración electrónica por orbitales,internacional,SG-QUI-sg_h2_qui-p011-23,"Explicar las tendencias y patrones en el punto de fusión, energía de ionización, radio atómico, radio iónico y reactividad química.",Configuración electrónica por orbitales,,,,
CON:quimica/configuracion-electronica::internacional::SG-QUI-sg_h2_qui-p013-03,Configuración electrónica por orbitales,internacional,SG-QUI-sg_h2_qui-p013-03,Deducir las configuraciones electrónicas de los elementos a partir de datos de energía de ionización sucesiva.,Configuración electrónica por orbitales,,,,
CON:quimica/configuracion-electronica::internacional::SG-QUI-sg_h2_qui-p013-05,Configuración electrónica por orbitales,internacional,SG-QUI-sg_h2_qui-p013-05,"Describir el número y las energías relativas de los orbitales s, p y d para los números cuánticos principales 1, 2 y 3, y 4s y 4p.",Configuración electrónica por orbitales,,,,
CON:quimica/configuracion-electronica::internacional::SG-QUI-sg_h2_qui-p013-09,Configuración electrónica por orbitales,internacional,SG-QUI-sg_h2_qui-p013-09,Explicar los factores que influyen en las energías de ionización de los elementos químicos.,Configuración electrónica por orbitales,,,,
CON:quimica/configuracion-electronica::internacional::SG-QUI-sg_h2_qui-p013-11,Configuración electrónica por orbitales,internacional,SG-QUI-sg_h2_qui-p013-11,Indicar la configuración electrónica de átomos e iones a partir de su número de protones y su carga.,Configuración electrónica por orbitales,,,,
CON:quimica/configuracion-electronica::internacional::SG-QUI-sg_h2_qui-p013-12,Configuración electrónica por orbitales,internacional,SG-QUI-sg_h2_qui-p013-12,Interpretar datos de energía de ionización sucesiva de un elemento en relación con su posición en la Tabla Periódica.,Configuración electrónica por orbitales,,,,
CON:quimica/configuracion-electronica::internacional::SG-QUI-sg_h2_qui-p016-01,Configuración electrónica por orbitales,internacional,SG-QUI-sg_h2_qui-p016-01,"Describir y explicar cualitativamente las tendencias de propiedades atómicas al descender en un grupo, considerando capas de electrones, apantallamiento y carga nuclear.",Distribución electrónica por niveles (modelo de capas),,,,
CON:quimica/configuracion-electronica::internacional::SG-QUI-sg_h2_qui-p016-02,Configuración electrónica por orbitales,internacional,SG-QUI-sg_h2_qui-p016-02,"Describir y explicar cualitativamente las tendencias en radio atómico e iónico, energía de ionización y electronegatividad a lo largo de un período.",Configuración electrónica por orbitales,,,,
CON:quimica/configuracion-electronica::internacional::SG-QUI-sg_h2_qui-p016-07,Configuración electrónica por orbitales,internacional,SG-QUI-sg_h2_qui-p016-07,Reconocer la variación en las configuraciones electrónicas a lo largo de un período y al descender en un grupo.,Configuración electrónica por orbitales,,,,
CON:quimica/configuracion-electronica::internacional::SG-QUI-sg_h2_qui-p034-07,Configuración electrónica por orbitales,internacional,SG-QUI-sg_h2_qui-p034-07,Describir la tendencia de los elementos de transición a tener estados de oxidación variables.,Configuración electrónica por orbitales,,,,
CON:quimica/configuracion-electronica::internacional::SG-QUI-sg_h2_qui-p034-12,Configuración electrónica por orbitales,internacional,SG-QUI-sg_h2_qui-p034-12,Explicar por qué los radios atómicos y las primeras energías de ionización de los elementos de transición son relativamente invariables.,Configuración electrónica por orbitales,,,,
CON:quimica/configuracion-electronica::internacional::SG-QUI-sg_h2_qui-p034-13,Configuración electrónica por orbitales,internacional,SG-QUI-sg_h2_qui-p034-13,"Explicar que un elemento de transición es del bloque d con una subcapa d incompleta, o que forma cationes con una subcapa d incompleta.",Configuración electrónica por orbitales,,,,
CON:quimica/configuracion-electronica::internacional::SG-QUI-sg_h2_qui-p034-15,Configuración electrónica por orbitales,internacional,SG-QUI-sg_h2_qui-p034-15,Indicar la configuración electrónica de un elemento de transición de la primera fila y sus iones.,Configuración electrónica por orbitales,,,,
CON:quimica/configuracion-electronica::internacional::SG-QUI-sg_h2_qui-p034-16,Configuración electrónica por orbitales,internacional,SG-QUI-sg_h2_qui-p034-16,"Predecir, a partir de una configuración electrónica dada, los posibles estados de oxidación de un elemento de transición.",Configuración electrónica por orbitales,,,,
CON:quimica/configuracion-electronica::internacional::SG-QUI-sg_k324-p018-03,Configuración electrónica por orbitales,internacional,SG-QUI-sg_k324-p018-03,Describir la falta de reactividad química de los gases nobles en función de sus configuraciones electrónicas.,Distribución electrónica por niveles (modelo de capas),,,,
CON:quimica/configuracion-electronica::internacional::SG-QUI-sg_k324-p018-07,Configuración electrónica por orbitales,internacional,SG-QUI-sg_k324-p018-07,Describir cómo la posición de un elemento en la Tabla Periódica se relaciona con su número de protones y configuración electrónica.,Distribución electrónica por niveles (modelo de capas),,,,
CON:quimica/configuracion-electronica::internacional::SG-QUI-sg_k324-p018-10,Configuración electrónica por orbitales,internacional,SG-QUI-sg_k324-p018-10,Describir la relación entre el número de electrones de valencia y la carga iónica de un ion para los primeros veinte elementos.,Distribución electrónica por niveles (modelo de capas),,,,
CON:quimica/configuracion-electronica::internacional::SG-QUI-sg_k324-p018-12,Configuración electrónica por orbitales,internacional,SG-QUI-sg_k324-p018-12,Explicar las similitudes entre los elementos del mismo grupo de la Tabla Periódica en función de su configuración electrónica.,Distribución electrónica por niveles (modelo de capas),,,,
CON:quimica/configuracion-electronica::internacional::SG-QUI-sg_k326_k328-p028-01,Configuración electrónica por orbitales,internacional,SG-QUI-sg_k326_k328-p028-01,"Describir la formación de iones por pérdida o ganancia de electrones, alcanzando generalmente la configuración electrónica de un gas noble.",Distribución electrónica por niveles (modelo de capas),,,,
CON:quimica/configuracion-electronica::internacional::SG-QUI-sg_k326_k328-p032-02,Configuración electrónica por orbitales,internacional,SG-QUI-sg_k326_k328-p032-02,Describir cómo la posición de un elemento en la Tabla Periódica se relaciona con su número de protones y su configuración electrónica.,Distribución electrónica por niveles (modelo de capas),,,,
CON:quimica/configuracion-electronica::internacional::SG-QUI-sg_k326_k328-p032-05,Configuración electrónica por orbitales,internacional,SG-QUI-sg_k326_k328-p032-05,Describir la falta de reactividad de los elementos del Grupo 18 (gases nobles) en función de sus configuraciones electrónicas.,Distribución electrónica por niveles (modelo de capas),,,,
CON:quimica/configuracion-electronica::internacional::SG-QUI-sg_k326_k328-p032-08,Configuración electrónica por orbitales,internacional,SG-QUI-sg_k326_k328-p032-08,Explicar las similitudes entre los elementos del mismo grupo de la Tabla Periódica en función de su configuración electrónica.,Distribución electrónica por niveles (modelo de capas),,,,
CON:quimica/configuracion-electronica::internacional::TW-QUI-tw_ele-p053-06,Configuración electrónica por orbitales,internacional,TW-QUI-tw_ele-p053-06,"Aplicar las reglas de llenado de configuraciones electrónicas atómicas, incluyendo el principio de exclusión de Pauli, la regla de Hund y el principio de Aufbau.",Configuración electrónica por orbitales,,,,
CON:quimica/configuracion-electronica::internacional::TW-QUI-tw_ele-p053-10,Configuración electrónica por orbitales,internacional,TW-QUI-tw_ele-p053-10,Relacionar la configuración electrónica de los elementos con sus properties y explicar sus cambios periódicos en la tabla periódica.,Configuración electrónica por orbitales,,,,
CON:quimica/configuracion-electronica::malla_v1::G05-CIE-U3-3.11,Configuración electrónica por orbitales,malla_v1,G05-CIE-U3-3.11,Configuración electrónica.. 3.11. Representa distintos tipos de configuraciones electrónicas.,Distribución electrónica por niveles (modelo de capas),,,,
CON:quimica/configuracion-electronica::malla_v1::G10-QUI-U13-13.1,Configuración electrónica por orbitales,malla_v1,G10-QUI-U13-13.1,"Elementos metálicos. 13.1. Compara la reactividad, la obtención y los usos de los metales de los grupos 1 y 2 relacionándolos con su configuración electrónica y su energía de ionización.",Distribución electrónica por niveles (modelo de capas),,,,
CON:quimica/configuracion-electronica::malla_v1::G10-QUI-U13-13.8,Configuración electrónica por orbitales,malla_v1,G10-QUI-U13-13.8,"Gases nobles e hidrógeno. 13.8. Relaciona la configuración electrónica de los gases nobles con sus aplicaciones y describe los isótopos, la obtención y los usos energéticos del hidrógeno.",Distribución electrónica por niveles (modelo de capas),,,,
CON:quimica/configuracion-electronica::malla_v1::G10-QUI-U3-3.10,Configuración electrónica por orbitales,malla_v1,G10-QUI-U3-3.10,"El modelo mecanocuántico. 3.10. Escribe configuraciones electrónicas y diagramas de orbitales aplicando el principio de Aufbau, la exclusión de Pauli y la regla de Hund, y predice el comportamiento magnético de la sustancia.",Configuración electrónica por orbitales,,,,
CON:quimica/configuracion-electronica::malla_v1::G10-QUI-U3-3.9,Configuración electrónica por orbitales,malla_v1,G10-QUI-U3-3.9,"El modelo mecanocuántico. 3.9. Describe la forma de los orbitales s, p y d y ordena los subniveles por energía creciente aplicando la regla n + l y el diagrama de Möller.",Configuración electrónica por orbitales,,,,
CON:quimica/configuracion-electronica::malla_v1::G10-QUI-U4-4.3,Configuración electrónica por orbitales,malla_v1,G10-QUI-U4-4.3,"Construcción de la tabla periódica. 4.3. Deduce el grupo, el periodo y el bloque de un elemento a partir de su configuración electrónica y escribe la configuración de sus iones más comunes.",Distribución electrónica por niveles (modelo de capas) + Configuración electrónica por orbitales,,,,
CON:quimica/configuracion-electronica::malla_v2::G05-CIE-U3-3.11,Configuración electrónica por orbitales,malla_v2,G05-CIE-U3-3.11,Configuración electrónica.. 3.11. Representa distintos tipos de configuraciones electrónicas.,Distribución electrónica por niveles (modelo de capas),,,,
CON:quimica/configuracion-electronica::malla_v2::G05-CIE-U4-4.3,Configuración electrónica por orbitales,malla_v2,G05-CIE-U4-4.3,Estructura de la Tabla Periódica.. 4.3. Describe los criterios de organización presentes en la Tabla Periódica actual.,Distribución electrónica por niveles (modelo de capas),,,,
CON:quimica/configuracion-electronica::malla_v2::G05-CIE-U4-4.4,Configuración electrónica por orbitales,malla_v2,G05-CIE-U4-4.4,Propiedades periódicas.. 4.4. Interpreta las propiedades periódicas de los elementos químicos.,Distribución electrónica por niveles (modelo de capas),,,,
CON:quimica/configuracion-electronica::malla_v2::G10-QUI-U13-13.1,Configuración electrónica por orbitales,malla_v2,G10-QUI-U13-13.1,"Elementos metálicos. 13.1. Compara la reactividad, la obtención y los usos de los metales de los grupos 1 y 2 relacionándolos con su configuración electrónica y su energía de ionización.",Distribución electrónica por niveles (modelo de capas),,,,
CON:quimica/configuracion-electronica::malla_v2::G10-QUI-U13-13.8,Configuración electrónica por orbitales,malla_v2,G10-QUI-U13-13.8,"Gases nobles e hidrógeno. 13.8. Relaciona la configuración electrónica de los gases nobles con sus aplicaciones y describe los isótopos, la obtención y los usos energéticos del hidrógeno.",Distribución electrónica por niveles (modelo de capas),,,,
CON:quimica/configuracion-electronica::malla_v2::G10-QUI-U3-3.10,Configuración electrónica por orbitales,malla_v2,G10-QUI-U3-3.10,"El modelo mecanocuántico. 3.10. Escribe configuraciones electrónicas y diagramas de orbitales aplicando el principio de Aufbau, la exclusión de Pauli y la regla de Hund, y predice el comportamiento magnético de la sustancia.",Configuración electrónica por orbitales,,,,
CON:quimica/configuracion-electronica::malla_v2::G10-QUI-U3-3.9,Configuración electrónica por orbitales,malla_v2,G10-QUI-U3-3.9,"El modelo mecanocuántico. 3.9. Describe la forma de los orbitales s, p y d y ordena los subniveles por energía creciente aplicando la regla n + l y el diagrama de Möller.",Configuración electrónica por orbitales,,,,
CON:quimica/configuracion-electronica::malla_v2::G10-QUI-U4-4.3,Configuración electrónica por orbitales,malla_v2,G10-QUI-U4-4.3,"Construcción de la tabla periódica. 4.3. Deduce el grupo, el periodo y el bloque de un elemento a partir de su configuración electrónica y escribe la configuración de sus iones más comunes.",Distribución electrónica por niveles (modelo de capas) + Configuración electrónica por orbitales,,,,
CON:quimica/configuracion-electronica::objetivos_pais::AU-AC9S10U06,Configuración electrónica por orbitales,objetivos_pais,AU-AC9S10U06,Explicar cómo la estructura y las propiedades de los átomos se relacionan con la organización de los elementos en la tabla periódica.,Distribución electrónica por niveles (modelo de capas),,,,
CON:quimica/configuracion-electronica::objetivos_pais::ENG-QUI-KS4-04,Configuración electrónica por orbitales,objetivos_pais,ENG-QUI-KS4-04,La posición de los elementos en la tabla periódica según su estructura atómica y la disposición de sus electrones externos.,Distribución electrónica por niveles (modelo de capas),,,,
CON:quimica/configuracion-electronica::objetivos_pais::UY-QUI-G9-02,Configuración electrónica por orbitales,objetivos_pais,UY-QUI-G9-02,"Modelo corpuscular: modelo discontinuo, estructura atómica, número atómico y másico, distribución electrónica, elemento químico, tabla periódica y su evolución, propiedades periódicas.",Distribución electrónica por niveles (modelo de capas),,,,
