prerrequisito_id,prerrequisito,concepto_id,concepto,primer_grado_sv_prerrequisito,primer_grado_sv_concepto,sostiene_hallazgo_de_secuencia,confianza,tipo_evidencia,justificacion_ia,decision (aceptar|cambiar|rechazar),nuevos_conceptos (ids; separados por ;),comentario,revisado_por
CON:quimica/oxidacion-y-reduccion,Oxidación y reducción,CON:quimica/agentes-oxidantes-y-reductores,Agentes oxidantes y reductores,11,10,sí,alta,logica,Los agentes se definen por causar oxidación o reducción.,,,,
CON:quimica/energia-de-activacion-y-perfil-energetico,Energía de activación y perfil energético,CON:quimica/catalizadores,Catalizadores,10,6,sí,alta,logica,El catalizador actúa disminuyendo la energía de activación.,,,,
CON:quimica/combustion,Combustión,CON:quimica/combustibles-y-biocombustibles,Combustibles fósiles y biocombustibles,11,7,sí,alta,logica,Un combustible libera energía mediante combustión.,,,,
CON:quimica/conservacion-de-la-masa,Conservación de la masa,CON:quimica/ecuacion-quimica-y-balanceo,Ecuación química y su balanceo,10,7,sí,alta,logica,Balancear expresa la conservación de átomos y masa.,,,,
CON:quimica/oxidacion-y-reduccion,Oxidación y reducción,CON:quimica/electrolisis,Electrólisis y celdas electrolíticas,11,10,sí,alta,logica,En la electrólisis se fuerzan reacciones redox.,,,,
CON:quimica/enlace-quimico,Enlace químico,CON:quimica/enlace-covalente,Enlace covalente,10,6,sí,alta,logica,El enlace covalente es un tipo de enlace químico.,,,,
CON:quimica/enlace-quimico,Enlace químico,CON:quimica/enlace-ionico,Enlace iónico,10,5,sí,alta,logica,El enlace iónico es un tipo de enlace químico.,,,,
CON:quimica/enlace-quimico,Enlace químico,CON:quimica/enlace-metalico,Enlace metálico,10,6,sí,alta,logica,El enlace metálico es un tipo de enlace químico.,,,,
CON:quimica/hidrocarburos-alifaticos,"Hidrocarburos: alcanos, alquenos y alquinos",CON:quimica/isomeria-estructural,Isomería estructural,11,10,sí,alta,logica,Los isómeros se ilustran con cadenas carbonadas.,,,,
CON:quimica/sustancias-puras-elementos-y-compuestos,Sustancias puras: elementos y compuestos,CON:quimica/moleculas-y-formulas-quimicas,Moléculas y fórmulas químicas,10,5,sí,alta,logica,Las fórmulas representan elementos y compuestos.,,,,
CON:quimica/modelo-mecanocuantico-y-orbitales,Modelo mecanocuántico y orbitales atómicos,CON:quimica/numeros-cuanticos,Números cuánticos,10,5,sí,alta,logica,Los números cuánticos describen orbitales del modelo mecanocuántico.,,,,
CON:quimica/geometria-molecular-rpecv,Geometría molecular (RPECV),CON:quimica/polaridad-molecular,Polaridad molecular,10,6,sí,alta,logica,La polaridad molecular depende de la geometría.,,,,
CON:quimica/fuerzas-intermoleculares,Fuerzas intermoleculares,CON:quimica/propiedades-singulares-del-agua,Propiedades singulares del agua,6,3,sí,alta,logica,Los puentes de hidrógeno explican las propiedades anómalas del agua.,,,,
CON:quimica/cambios-fisicos-y-quimicos,Cambios físicos y químicos,CON:quimica/reaccion-quimica-y-evidencias,Reacción química y sus evidencias,3,2,sí,alta,orden_observado,La reacción química formaliza el cambio que produce sustancias nuevas.,,,,
CON:quimica/disolucion-y-su-rapidez,Disolución y rapidez de disolución,CON:quimica/concentracion-de-disoluciones,"Soluto, disolvente y concentración",8,3,sí,alta,logica,Soluto y disolvente se definen a partir del proceso de disolver.,,,,
CON:quimica/modelo-de-particulas,Modelo de partículas de la materia,CON:quimica/atomo-y-particulas-subatomicas,Átomo y partículas subatómicas,6,5,sí,alta,logica,El átomo es la partícula del modelo corpuscular.,,,,
CON:quimica/polimerizacion,Polimerización por adición y por condensación,CON:quimica/aminoacidos-y-proteinas,Aminoácidos y estructura de las proteínas,11,10,sí,media,logica,El enlace peptídico es una condensación polimérica.,,,,
CON:quimica/hidrocarburos-alifaticos,"Hidrocarburos: alcanos, alquenos y alquinos",CON:quimica/combustibles-y-biocombustibles,Combustibles fósiles y biocombustibles,11,7,sí,media,logica,Los combustibles fósiles son principalmente hidrocarburos.,,,,
CON:quimica/electrones-de-valencia-y-regla-del-octeto,Electrones de valencia y regla del octeto,CON:quimica/iones,Iones,6,5,sí,media,logica,La regla del octeto predice la carga iónica habitual.,,,,
CON:quimica/sustancias-puras-elementos-y-compuestos,Sustancias puras: elementos y compuestos,CON:quimica/minerales,Minerales: composición y estructura cristalina,10,8,sí,media,logica,La composición mineral se describe como elementos y compuestos.,,,,
CON:fisica/dualidad-onda-particula,Dualidad onda-partícula,CON:quimica/modelo-mecanocuantico-y-orbitales,Modelo mecanocuántico y orbitales atómicos,11,10,sí,media,logica,El orbital surge del carácter ondulatorio del electrón.,,,,
CON:quimica/electronegatividad-y-polaridad-de-enlace,Electronegatividad y polaridad de enlace,CON:quimica/numero-de-oxidacion,Número de oxidación,6,5,sí,media,logica,Asignar estados de oxidación usa la electronegatividad relativa.,,,,
CON:biologia/estructura-del-adn,Estructura del ADN,CON:quimica/quimica-de-los-acidos-nucleicos,Química de los ácidos nucleicos,6,11,no,baja,logica,La estructura biológica del ADN contextualiza su química.,,,,
CON:quimica/propiedades-fisicas-de-los-materiales,Propiedades físicas de los materiales,CON:quimica/materiales-y-ambiente,Reutilización y reciclaje de materiales,2,2,no,baja,logica,Elegir reutilizar o reciclar depende de propiedades del material.,,,,
