id,archivo_local,ok,bytes,sha256
timss23,timss/TIMSS2023_Marco_Ciencias.pdf,True,324883,bff86db7c2232c2f46c7b13f8b739b504d560aedce37c0b8149cb089bc003c34
timss27,timss/TIMSS2027_Marcos_Evaluacion.pdf,True,1520283,f46d5503ed64435a45bfd4cfc4c1851b328a9a128ec459b4e156b7c463f484e9
timssadv15,timss/TIMSSAdvanced2015_Marco_Fisica.pdf,True,1665384,2d7fa3b5b0d713b6213d9e1d5b281c0f8809ee1125a7b930156a3efd104aaa5f
pisa25sci,pisa/PISA2025_Marco_Ciencias.pdf,True,4775081,6e1cf50a9e1dfb7252a6b326b1c2d839ae6af8c328f3cbf3e229c57dc993ff89
pisa25final,pisa/PISA2025_Marco_Evaluacion_2026.pdf,True,9748078,5b50212929d3fe97c7226e9180a7349a3b619d416e3a5424c327a59e2d33898f
digcomp30x,digcomp/DigComp3.0_DataSupplement_2025-11-24.xlsx,True,122042,cc7e9879f1f4df9fa71f68190aedf487cbcd26ddd86c92dc387618b61e3287c7
digcomp30j,digcomp/DigComp3.0_DataSupplement_2025-11-24.jsonld,True,451746,f282a4f76891e1a0f5371cd2f2b13dd0ca3c36ead430980ca4114aa0dec84390
uy_mcn,paises/uruguay/UY_Marco_Curricular_Nacional_2022.pdf,True,32348612,97f660beca5666bcada272354126729ef8ef04ddf6526ea5eaf2fcc7f9bebf4d
uy_prog,paises/uruguay/UY_Progresiones_de_Aprendizaje_2022.pdf,True,21183919,7254bcb920410bc30d5a0093a78ad862e230a04e1967490259caacce9b52b3ab
uy_fq3,paises/uruguay/UY_EBI_FisicaQuimica_Tramo3_3-4grado.pdf,True,560110,db922a3d6326e1cb12b0646f4dc82233dbe04ab11969c21803c6fe61376e34d6
uy_fq4,paises/uruguay/UY_EBI_FisicaQuimica_Tramo4_5-6grado.pdf,True,540702,e560882a79d260563d0587d4e1c1e73ff1bd35ba57e154a59ad35cd3da1f2d29
uy_bio3,paises/uruguay/UY_EBI_Biologia_Tramo3_3-4grado.pdf,True,536806,5229188d83c95cfd28a1fb6bb8a902ed58caea3b5565b7412094a68dfb594251
uy_bio4,paises/uruguay/UY_EBI_Biologia_Tramo4_5-6grado.pdf,True,536640,660d5cc8f3ebcfd345600a6c4a69990cfe0effa6d285811b0ad2f953b5d8e646
uy_te3,paises/uruguay/UY_EBI_TierraEspacio_Tramo3_3-4grado.pdf,True,549468,54095ea11a472a6620f2006d191108d7ac6a32602a2c56c045922fc7ed032b4c
uy_te4,paises/uruguay/UY_EBI_TierraEspacio_Tramo4_5-6grado.pdf,True,529808,2549926ac6020dc5450b06a99ba8b16c6d61d8b8bade6022f7aab5be2ec70324
uy_fq5,paises/uruguay/UY_EBI_FisicoQuimicas_Tramo5_8grado.pdf,True,334714,d0a27ed8f040ba8e1fea444eea6c5e362c6b19fc7b7235e5876f09ce42e84d04
uy_bio5,paises/uruguay/UY_EBI_Biologia_Tramo5_7-8grado.pdf,True,392960,943f75ea69f5e9644f1200f8689331b65f9dec3cb244506728a358ebe9c29619
uy_geo5,paises/uruguay/UY_EBI_GeografiaAmbiental_Tramo5_8grado.pdf,True,433333,056a8799f145be26095e45fbd60f74965038e440f4c9603c5ee316c10cb92595
uy_fis6,paises/uruguay/UY_EBI_Fisica_Tramo6_9grado.pdf,True,332862,06e6bfa0b424ec62d28abc73d3ff1b96f5eaaef82495b2633cbf85aeaf2424fc
uy_qui6,paises/uruguay/UY_EBI_Quimica_Tramo6_9grado.pdf,True,366935,7b03f762a2c20d071ce1728ac217f7ed99d940821e90154a82f1149411c4edcd
uy_bio6,paises/uruguay/UY_EBI_Biologia_Tramo6_9grado.pdf,True,530923,a5b708bb06adda839e4ba42a3c0c0092a6bd2a56e3caa6b689a28b4f13ec3922
cl_bc16,paises/chile/CL_Bases_Curriculares_1-6_basico.pdf,False,0,
cl_bc72m,paises/chile/CL_Bases_Curriculares_7basico-2medio.pdf,False,0,
co_ebc,paises/colombia/CO_Estandares_Ciencias.pdf,True,658627,29ebf9e8bf099afac9794f3e1eb49ff15d6647d872ca04967f195c7c33f00cd4
co_dba,paises/colombia/CO_DBA_Ciencias_Naturales.pdf,True,3998056,3156475f8a0cc988080dc71c49b722f9f125726591adafd66f45a78d5e8a3f4d
sg_prim,paises/singapur/SG_Primary_Science_2023.pdf,True,1006566,0556023ceb55fe80de75ae044011b8c77ea7ea494a1873d2b224a9b2b8083ab0
sg_lowsec,paises/singapur/SG_LowerSecondary_Science_2021.pdf,False,0,
erce19_niveles,erce/ERCE2019_Niveles_aprendizaje_Ciencias.pdf,True,1748126,93546a26a61f63b7f5203985186f30e12709ec787eaf69e6d69e7b32d4da8ee9
erce19_aportes,erce/ERCE2019_Aportes_ensenanza_Ciencias_LLECE.pdf,True,2232268,08239cc00067f23814b4d556596fc6242e964b98f2d5f3e265ad589587cab730
au_ss_bio_u13,bachillerato/AU_SeniorSecondary_Biology_v8.4_U1-3.html,True,118903,88cfe710ecc3ca3e6a87b6e816d7dfd104b5ee0cadaef4da26c2816a32f42c90
au_ss_bio_u4,bachillerato/AU_SeniorSecondary_Biology_v8.4_U4.html,True,71960,0b6afb4d33100bb5c867c89ced2cfa8b15ed4ed6389a00410477ba20ab782457
au_ss_chem_u13,bachillerato/AU_SeniorSecondary_Chemistry_v8.4_U1-3.html,True,133336,2a6b8096bdf33ea5b7e1ae1cdd88e967769d3f7ffcfd8e655e3d006712c4ee7b
au_ss_chem_u4,bachillerato/AU_SeniorSecondary_Chemistry_v8.4_U4.html,True,71005,7de170b1349b2f0b97891c81f5fec1adc7c1669b508f4c7c7985474a9817328c
timss23_res_g4,timss/TIMSS2023_2-1-1_ach-g4s-dist.pdf,True,181459,2e17da762b0eeb63bf6c43be282c1224fe6faa34ef0ac65da146b2c3d4666a1e
timss23_res_g4x,timss/TIMSS2023_2-1-1_ach-g4s-dist.xlsx,True,106291,d4d5d6f01e1d9b544040073d0290789bf648593df55e7afa8a614193eed70ea0
timss23_res_g8,timss/TIMSS2023_2-2-1_ach-g8s-dist.pdf,True,187152,a02f4fa95dc73c00bac2ddb7e0b33239b80266371611787cc1e725ee38c407f8
timss23_res_g8x,timss/TIMSS2023_2-2-1_ach-g8s-dist.xlsx,True,104930,161df424ef097d0611e3600f79d2fe4cdb9bca882a8e467ddbac32bd3ba53df7
eng_ks12,paises/inglaterra/ENG_NC_Science_KS1-2_2013.pdf,True,250526,5aafcbad6d43eb3aed6dbedf73ee334342a6033551c3a4a4cc1ac3a171a5e359
eng_ks3,paises/inglaterra/ENG_NC_Science_KS3_2013.pdf,True,165020,8ec1ebae9fb00a6fff85a81e489117f036228106186aa8ab59486994ca0f6b42
au_f6_v9,paises/australia/AU_Science_F-6_v9_contenido.docx,True,486352,416c922475a566b06692124c57b19905f3387ee88536ba28e8b0dd9636c04377
au_710_v9,paises/australia/AU_Science_7-10_v9_contenido.docx,True,468392,367fd9b106564bbf0e9ccdc271d6177aaf40bd3fbda64839b692936e352e2f24
jp_cos_826,paises/japon/826,True,271,ver paises/japon/manifest_jpcos.json (09f2bc62a0812120)
jp_cos_836,paises/japon/836,True,267,ver paises/japon/manifest_jpcos.json (09f2bc62a0812120)
eng_ks4,paises/inglaterra/ENG_NC_Science_KS4_2014.pdf,True,281381,5e80965d08403c7807c210602493a299182c1a8d2a92e3317148e0b33a6d41fc
au_ss_phys_u13,paises/australia/sec_bach/AU_SeniorSecondary_Physics_v8.4_U1-3.html,True,141126,d5a43ad74e6b934708c07bf9799120ae57ba94e98961fa6af1b0301ce1cef0c0
au_ss_phys_u4,paises/australia/sec_bach/AU_SeniorSecondary_Physics_v8.4_U4.html,True,79160,1a2423987c315348d75593f58b5d0fba37b7b1654b0685f101adac8563b2b978
au_ss_ees_u13,paises/australia/sec_bach/AU_SeniorSecondary_EarthEnvironmentalScience_v8.4_U1-3.html,True,123182,869ab38b0410aaa5198165b49e78e447c1fb7eafd33d8a844612b3d44ae52409
au_ss_ees_u4,paises/australia/sec_bach/AU_SeniorSecondary_EarthEnvironmentalScience_v8.4_U4.html,True,72131,d67a402497903fc229a377d5ee68f618c6a87a4b93907a803ab2be5b81a3a093
kr_2022_sci_tonghap,paises/corea/sec_bach/KR_2022_Gwahak_Gyoyukgwajeong_Byeolchaek9.pdf,True,2663278,0cf53427691d54366d6805767c428a15b0e817580807b4354947de7e3b58b738
kr_2022_sci_track,paises/corea/sec_bach/KR_2022_Gwahak_Gyeyeol_Seontaek_Byeolchaek20.pdf,True,1703680,efe03e71806e48e92855d24121e016ba9e911947f9b36fc6c5ab3b8b310a4ab7
kr_2015_sci_tonghap,paises/corea/sec_bach/KR_2015_Gwahak_Gyoyukgwajeong_Byeolchaek9.pdf,True,2805263,4ed7f59aafd6909b1ba8a493d6960841f87b880f88a4f66ca7db14e075dc75ec
kr_2015_sci_hwp,paises/corea/sec_bach/KR_2015_Gwahak_Gyoyukgwajeong_Byeolchaek9.hwp,True,9187328,dba7ed64f4a9d2f396f7744772a22e34726b4c96e43c0b6b4955f561797def5a
kr_2022_chongron,paises/corea/sec_bach/KR_2022_Chongron_Byeolchaek1.pdf,True,424065,28a3ad05f83787c56be569b8b316f5c112e6629898f24436aa13aad2c507c551
kr_2022_chongron_en,paises/corea/sec_bach/KR_2022_Chongron_EN_National_Framework.pdf,True,416146,d5660a214c28caf9c0fa88613e4277958b23c77f812811a5551f03dcfe495564
kr_2026_chongron,paises/corea/sec_bach/KR_2026_Chongron_Byeolchaek1_Gosi2026-1.pdf,True,612234,343e41fa969209381eabebcc8cf852e4e37d91810cf59e7b8f25cb71285ef9af
ee_basic_biologia_en,paises/estonia/sec_bach/EE_Basic_Annex4_Natural_Science_2023_en.pdf,True,406623,1f4781c9dfaa06cd677062f24c8cd477cc1918ae01a4501cf42a0612db65cdb9
ee_basic_loodusained_et,paises/estonia/sec_bach/EE_Pohikool_Lisa4_Loodusained_2023_et.pdf,True,388452,e5f711b46dae4118c8ed07c1e13bc5a8baa56d46898cacb4fe569330ec1b1df5
ee_gym_biologia_et,paises/estonia/sec_bach/EE_Gumnaasium_Lisa4_Loodusained_2023_et.pdf,True,341839,a43098d54acc4dadc892a0b2f7d0d2e6c2f4dca7fdb412139a81904838f3aa5b
ee_gym_ele_quimica_et,paises/estonia/sec_bach/EE_Gumnaasium_Lisa8_Valikkursused_2023_et.pdf,True,768984,8fc4f0d2e9268b9ada38a02c2c111130943a8addc362a1c3d13ed979b8e7af82
hk_cag_biologia,paises/hong_kong/sec_bach/HK_Biology_CAGuide_S4-6_2015.pdf,True,487274,2c0de8bdea68ed33ec3233d4c54ed5fc10df083a4b519644042096efe13bbe24
hk_cag_quimica,paises/hong_kong/sec_bach/HK_Chemistry_CAGuide_S4-6_2018.pdf,True,1812434,94a58b5f7f386b079122da126d1457ec00f6054039a4121dadaedc40fa3a4fbe
hk_cag_fisica,paises/hong_kong/sec_bach/HK_Physics_CAGuide_S4-6_2015.pdf,True,758560,a1c73c1e0e87221af67025b993fb8297c5b5266eda0bc1c951731fdc59bf9aea
hk_marco_biologia_2026,paises/hong_kong/sec_bach/HK_Biology_UpdatedFramework_S4-6_ConsultDraft_2026.pdf,True,966266,51dd60b75e673f541376555616edce1f845494765266557107d5950f8c38a5e8
hk_marco_quimica_2026,paises/hong_kong/sec_bach/HK_Chemistry_UpdatedFramework_S4-6_ConsultDraft_2026.pdf,True,1024708,5d36007993136f40f936d3c74462c9e7fafd81ec7f1274eda06738ece5dd12fb
hk_marco_fisica_2026,paises/hong_kong/sec_bach/HK_Physics_UpdatedFramework_S4-6_ConsultDraft_2026.pdf,True,1066442,b6d62424e3b612d9d17d2a933d18b4679e5d20a8549865f436b201cc643919a2
hk_cag_ciencias_combinadas,paises/hong_kong/sec_bach/HK_CombinedScience_CAGuide_S4-6_2018.pdf,True,1686390,f3549e909f9aa21a89b433ea6347e126db9b1b55500afbaa018dd2c13bd0512b
hk_ciencias_s1_3_marco_2025,paises/hong_kong/sec_bach/HK_Science_S1-3_CurriculumFramework_2025.pdf,True,1823800,5aaa3beb526950bfea82b4661ba3309c5ff30e0c5511bcf5eedd0f614132fe31
hk_ciencias_s1_3_2017,paises/hong_kong/sec_bach/HK_Science_S1-3_Supplement_2017.pdf,True,2973542,f763644a061319ae1485ed337c1425ed3dcd675f575d5fdb3e428eb72c07a08b
hk_kla_ciencias_p1_s6_2017,paises/hong_kong/sec_bach/HK_ScienceEducation_KLA_CurriculumGuide_P1-S6_2017.pdf,True,4309513,1018aaac9a96283e7fbace542713e610c17d79a278eb91b6e7914deeceb52f4b
hk_hkdse_biologia_2027,paises/hong_kong/sec_bach/HK_HKDSE_Biology_AssessmentFramework_2027.pdf,True,88463,a207ebacd48af3cd8fff57f42d76a71e6a17f68d7cd7a70f24377244442dccfd
hk_hkdse_quimica_2027,paises/hong_kong/sec_bach/HK_HKDSE_Chemistry_AssessmentFramework_2027.pdf,True,92184,74830b1fa40d08fd6db82f4ebc46cecbe6656fc7c7ddbb5941d885ecc5296e7d
hk_hkdse_fisica_2027,paises/hong_kong/sec_bach/HK_HKDSE_Physics_AssessmentFramework_2027.pdf,True,100426,1786c78ddc34f048255037b004b7fd78e9152ff804a373a130bb56014358b50a
eng_gcse_combined,paises/inglaterra/sec_bach/ENG_GCSE_CombinedScience_SubjectContent_2015.pdf,True,1079669,3449916da7a1be1d512521613422d773cd2a672d7b46bde7a74306ed39dd6c2c
eng_gcse_single,paises/inglaterra/sec_bach/ENG_GCSE_SingleScience_BioChemPhys_SubjectContent_2015.pdf,True,1150981,511abad44dc6752a4d92bd8176e6a56e5eae3bd2f3159f10e18638c65039ad62
eng_gce_asal_ciencias,paises/inglaterra/sec_bach/ENG_GCE_ASAL_Science_BioChemPhys_SubjectContent_2014.pdf,True,874818,9c86fcfa5a026fad5a36bffae3edb31900b4b37cd7901185abc19c89a6f10d61
eng_gce_asal_geologia,paises/inglaterra/sec_bach/ENG_GCE_ASAL_Geology_SubjectContent_2016.pdf,True,645475,dc39090463c0ab069033b12b4f74e7683fc34a61fe8ba0f82d5d709e91fd0445
eng_gce_asal_ambiental,paises/inglaterra/sec_bach/ENG_GCE_ASAL_EnvironmentalScience_SubjectContent_2015.pdf,True,360915,2de5f58f49ba62d4a2a3966b17f74f1a9f2661cce4a1b5a95994fd4d73a1fa1c
eng_gcse_geologia,paises/inglaterra/sec_bach/ENG_GCSE_Geology_SubjectContent_2015.pdf,True,241313,fdb2397c40659117cf2415f437105484538844aa51fea948af515aaf4f63fcbb
eng_gcse_astronomia,paises/inglaterra/sec_bach/ENG_GCSE_Astronomy_SubjectContent_2015.pdf,True,434633,b0e395a023758dda1a0c854bcb5628a85973843317a9ce3ec1f69373993d19b8
eng_ofqual_inscripciones_2026_tablas,paises/inglaterra/sec_bach/ENG_Ofqual_ProvisionalEntries_GCSE_ASAL_2026_tablas.ods,True,30131,b510c4abf2addd8146d07787fdad60072cb7da197b9c6a04aef7eee7a5d0dbc0
eng_ofqual_inscripciones_2026_informe,paises/inglaterra/sec_bach/ENG_Ofqual_ProvisionalEntries_GCSE_ASAL_2026_informe.html,True,332242,1c13c51f29c385f590e701bc28c61550a084a4fc9df4b61a151c7b55d04294e9
jp_cos_koko2018_15,paises/japon/bachillerato/JP_COS_Koko_2018_Gakushushidoyoryo.pdf,True,3707108,59ef17a825bd11a4fa39ed2cc1f27033c83a95e4e93f0f8a821a65e063bb2512
jp_cos_koko2018_kaisetsu_15,paises/japon/bachillerato/JP_COS_Koko_2018_Kaisetsu_Rika_Risu.pdf,True,3741048,6ce6df58f2ba7afce1f51cefe6be6bf03a4818fb0cb4cb59530098728e3dcf64
jp_mext_kyoikukatei_chosa_r5,paises/japon/bachillerato/JP_MEXT_Kyoikukatei_Jisshi_Chosa_R5.pdf,True,282826,95837d13e9b0b96f950fa111a73ca35a216d17228d7d4a4724fc114cdf6d5f1a
on_snc1w,paises/ontario/sec_bach/ON_Science_Grade9_SNC1W_2022.pdf,True,1726588,71089e06ef9c41be31d97253a08ec9ec9c507196b7799b71a8427e9f97719366
on_snc2d,paises/ontario/sec_bach/ON_Science_Grades9-10_2008.pdf,True,1129125,ecdde8d2272c5d23e1f18fd52a738eed584d31ee0189b28127fd74e8e81f2f3f
on_sbi3u,paises/ontario/sec_bach/ON_Science_Grades11-12_2008.pdf,True,1621164,695740d180219f73979f75d49fdcc8289168541e5bd461d7a189547c0984473c
sg_sec_g3_fisica,paises/singapur/sec_bach/SG_SEC_G3_Physics_K323_2027.pdf,True,278740,75aa27d425978f025c2be91fa8749717a2a580d2ea46b00780831c27557e6af3
sg_sec_g3_quimica,paises/singapur/sec_bach/SG_SEC_G3_Chemistry_K324_2027.pdf,True,669127,0621d3d6a019fd4de8054ac2be323d7455eade0eaff66a03138896180eba02ae
sg_sec_g3_biologia,paises/singapur/sec_bach/SG_SEC_G3_Biology_K325_2027.pdf,True,206803,12a284b993224644df7a34512dc432b8dd59f5adac14e743b4dc43baadbf0ef6
sg_sec_g3_ciencias_fq,paises/singapur/sec_bach/SG_SEC_G3_Science_PhysChem_K326_2027.pdf,True,740720,498f1b8e5ddcdaa913a59124cf76352e14d331089187e4b73823ca1ce97047aa
sg_sec_g3_ciencias_fb,paises/singapur/sec_bach/SG_SEC_G3_Science_PhysBio_K327_2027.pdf,True,740563,8b2abc46839c4d2043cc9d8a5c211c23b77a47a3387734903510acfb469758c0
sg_sec_g3_ciencias_qb,paises/singapur/sec_bach/SG_SEC_G3_Science_ChemBio_K328_2027.pdf,True,740587,11949f63b3b22506e32bd0b2388ce4a1625cf7c0cc0a57596abecfa38b1b1437
sg_sec_g2_ciencias_fq,paises/singapur/sec_bach/SG_SEC_G2_Science_PhysChem_K223_2027.pdf,True,613212,1ab8ff93a0c8155167e3a7b6ed2fab8e2e3ad1000cdf905e137073a1e73b1c02
sg_sec_g2_ciencias_fb,paises/singapur/sec_bach/SG_SEC_G2_Science_PhysBio_K224_2027.pdf,True,625047,2e5a59f9f5208221c901f0557c8d2afd4ae562e94cc8fd070e798165559ca29b
sg_sec_g2_ciencias_qb,paises/singapur/sec_bach/SG_SEC_G2_Science_ChemBio_K225_2027.pdf,True,624987,87b1880b735dffba7f890786fcdc93fe7dabd1858eaba015eca6fc20c0f843c6
sg_sec_g1_ciencias,paises/singapur/sec_bach/SG_SEC_G1_Science_K123_2027.pdf,True,732299,3d46d51627430f18dba0b900485ee87339770ae56afb7831dcb54f376637b905
sg_olevel_fisica,paises/singapur/sec_bach/SG_OLevel_Physics_6091_2026.pdf,True,249060,bb0e30d2eb2e8d8280ebf8a26c60641cbcc2e74e5c7f4f5a509adc7ce4ac14fe
sg_olevel_quimica,paises/singapur/sec_bach/SG_OLevel_Chemistry_6092_2026.pdf,True,809943,e97138ab36e66e8d2040432f7853fab3b01acd385c7122e187835d01e54d9a66
sg_olevel_biologia,paises/singapur/sec_bach/SG_OLevel_Biology_6093_2026.pdf,True,199055,119d3a2619cf59c0f2205735569ac1f609596239f2fa22fb3947cdeb09c2d397
sg_olevel_ciencias_fq,paises/singapur/sec_bach/SG_OLevel_Science_PhysChem_5086_2026.pdf,True,1242822,b070f31d5074038366c78170cd27bd12805dc25a685056294cf268e496ffd310
sg_olevel_ciencias_fb,paises/singapur/sec_bach/SG_OLevel_Science_PhysBio_5087_2026.pdf,True,1242827,1758043ba8c1431d656116710928069fde1cf207f6bc23003155dbad457ca956
sg_olevel_ciencias_qb,paises/singapur/sec_bach/SG_OLevel_Science_ChemBio_5088_2026.pdf,True,1243206,84593e239a17df123c5ab73418bb9cf989611f4a4982dc489e5188ca04cf21bf
sg_alevel_h1_fisica,paises/singapur/sec_bach/SG_ALevel_H1_Physics_8867_2027.pdf,True,687175,e6b603fc6a2a755f4fa927deb15ebdebc68bf655abe0c793268a2db4be19a3a6
sg_alevel_h1_quimica,paises/singapur/sec_bach/SG_ALevel_H1_Chemistry_8873_2027.pdf,True,566726,4bc558802f5e895ae89ab329abc4f05cda346cc2d433bc6c9416532530c4c57e
sg_alevel_h1_biologia,paises/singapur/sec_bach/SG_ALevel_H1_Biology_8876_2027.pdf,True,416777,e1b26d6ac4856d3d7d3a17f32d10b515df0d4e6ea995d0c478ac4d41b3dcbdc2
sg_alevel_h2_fisica,paises/singapur/sec_bach/SG_ALevel_H2_Physics_9478_2027.pdf,True,750599,50d3ae46fcb941f8ad3e89be50027b23179a45ab35fef912078a0d0af303159c
sg_alevel_h2_quimica,paises/singapur/sec_bach/SG_ALevel_H2_Chemistry_9476_2027.pdf,True,765980,e18154a09e0c57761dfa3d35a8eaf1278b0b0688a00969e3959c1eaf83269a35
sg_alevel_h2_biologia,paises/singapur/sec_bach/SG_ALevel_H2_Biology_9477_2027.pdf,True,873211,8c2744bc22534c18ae931c602440f344c75690506432dc68fe2733ea52e01127
sg_lowsec_ciencias_g2g3,paises/singapur/sec_bach/SG_LowerSec_Science_G2G3_2024.pdf,True,1249294,dfaf177b1407371002a3b00633c04f09d873376f8b20170b437008cc70871106
sg_lowsec_ciencias_g1,paises/singapur/sec_bach/SG_LowerSec_Science_G1_2024.pdf,True,1371768,fe8878ae1afd83f0abf08853d49e07f52a839307a95a59849c7d07d3b1e54f58
tw_12ybe_nat_g79_integradas,paises/taiwan/sec_bach/TW_12YBE_Ciencias_Naturales_2018_zh.pdf,True,4558920,f39ef4fc343e86db3e11174c1900563715816280b004c05e0e0bad22709c40ca
tw_12ybe_nat_en_g79_integradas,paises/taiwan/sec_bach/TW_12YBE_Natural_Sciences_2018_en.pdf,True,1791305,069d594ce73b69c06ea046106d2ed820cca875b27619c052cc67d8dad86e7435
hk_ciencias_p1_6_guia_2025,paises/hong_kong/sec_bach/HK_Science_P1-6_CurriculumGuide_2025_zh.pdf,True,23199370,5cfbcfecf523da42ec7167b9b9a84189d9f5bf812227c72379c294410377db32
on_ciencia_tecnologia_1_8_2022,paises/ontario/sec_bach/ON_ScienceTechnology_Grades1-8_2022.pdf,True,1510407,1ade9235dcacf15c27dcc92328d1f883c3026c1687bf40368448b39ec6e4bd74
