id,categoria,organismo,titulo,anio,url,archivo_local,uso_en_el_motor
timss23,Evaluación internacional,IEA,TIMSS 2023 Assessment Frameworks – cap. 2 Ciencias,2021,https://timss.bc.edu/timss2023/frameworks/pdf/T23_Frameworks_Ch2_Science.pdf,timss/TIMSS2023_Marco_Ciencias.pdf,Catálogo v1 (T4/T8) y metas por dominio
timss27,Evaluación internacional,IEA,TIMSS 2027 Assessment Frameworks (completo),2025,https://timss2027.org/frameworks/downloads/T27_Assessment-Frameworks.pdf,timss/TIMSS2027_Marcos_Evaluacion.pdf,Catálogo v2 recomendado: próximo ciclo que El Salvador podría rendir
timssadv15,Evaluación internacional,IEA,TIMSS Advanced 2015 Frameworks – cap. 2 Física,2014,https://elvis.bc.edu/timss2015-advanced/downloads/TA15_FW_Chap2.pdf,timss/TIMSSAdvanced2015_Marco_Fisica.pdf,Catálogo TA para Física 10.°–11.°
pisa25sci,Evaluación internacional,OCDE,PISA 2025 Science Framework (segundo borrador),2023,https://pisa-framework.oecd.org/science-2025/assets/docs/PISA_2025_Science_Framework.pdf,pisa/PISA2025_Marco_Ciencias.pdf,Competencias y tipos de conocimiento (la versión final 2026 ya está en input/Fuentes/PISA 2025.pdf)
pisa25final,Evaluación internacional,OCDE,"PISA 2025 Assessment and Analytical Framework (versión final, cap. 2 Ciencias)",2026,input/Fuentes/PISA 2025.pdf (copia de la carpeta de Drive del proyecto; OECD 2026),pisa/PISA2025_Marco_Evaluacion_2026.pdf,"Catálogo PISA 2025 (contenido, procedimental, epistémico, competencias, contextos y metas). Copia de input/Fuentes/PISA 2025.pdf"
digcomp30x,Marco de competencias,JRC – Comisión Europea,DigComp 3.0 Data Supplement (Excel),2025,https://jeodpp.jrc.ec.europa.eu/ftp/jrc-opendata/DIGCOMP/DIGCOMP3.0/DigComp%203.0%20Data%20Supplement%2024%20Nov%202025.xlsx,digcomp/DigComp3.0_DataSupplement_2025-11-24.xlsx,21 competencias × 4 niveles × resultados de aprendizaje (para progresión por grado)
digcomp30j,Marco de competencias,JRC – Comisión Europea,DigComp 3.0 Data Supplement (JSON-LD),2025,https://jeodpp.jrc.ec.europa.eu/ftp/jrc-opendata/DIGCOMP/DIGCOMP3.0/DigComp%203.0%20Data%20Supplement%2024%20Nov%202025.jsonld,digcomp/DigComp3.0_DataSupplement_2025-11-24.jsonld,Carga directa al grafo
uy_mcn,Currículo país,ANEP Uruguay,Marco Curricular Nacional,2022,https://www.anep.edu.uy/sites/default/files/images/Archivos/publicaciones/Marco-Curricular-Nacional-2022/MCN%202%20Agosto%202022%20v13.pdf,paises/uruguay/UY_Marco_Curricular_Nacional_2022.pdf,Competencias generales (base del equipo GOES)
uy_prog,Currículo país,ANEP Uruguay,Progresiones de aprendizaje,2022,https://www.anep.edu.uy/sites/default/files/images/Archivos/publicaciones/progresiones/Progresiones%20de%20Aprendizaje%202022.pdf,paises/uruguay/UY_Progresiones_de_Aprendizaje_2022.pdf,Progresión por tramo
uy_fq3,Currículo país,ANEP Uruguay,EBI Física-Química Tramo 3 (3.°–4.°),2023,https://www.anep.edu.uy/sites/default/files/images/te-programas/2023/finales/espacios/cientifico-matematico/F%C3%ADsica%20Qu%C3%ADmica%20-%20Tramo%203.pdf,paises/uruguay/UY_EBI_FisicaQuimica_Tramo3_3-4grado.pdf,Objetivos país para comparar
uy_fq4,Currículo país,ANEP Uruguay,EBI Física-Química Tramo 4 (5.°–6.°),2023,https://www.anep.edu.uy/sites/default/files/images/te-programas/2023/finales/espacios/cientifico-matematico/F%C3%ADsica%20Qu%C3%ADmica%20-%20Tramo%204.pdf,paises/uruguay/UY_EBI_FisicaQuimica_Tramo4_5-6grado.pdf,Objetivos país para comparar
uy_bio3,Currículo país,ANEP Uruguay,EBI Biología Tramo 3 (3.°–4.°),2023,https://www.anep.edu.uy/sites/default/files/images/te-programas/2023/finales/espacios/cientifico-matematico/Ciencias%20del%20Ambiente%20%28Biolog%C3%ADa%29%20-%20Tramo%203.pdf,paises/uruguay/UY_EBI_Biologia_Tramo3_3-4grado.pdf,Objetivos país para comparar
uy_bio4,Currículo país,ANEP Uruguay,EBI Biología Tramo 4 (5.°–6.°),2023,https://www.anep.edu.uy/sites/default/files/images/te-programas/2023/finales/espacios/cientifico-matematico/Ciencias%20del%20Ambiente%20%28Biolog%C3%ADa%29%20-%20Tramo%204.pdf,paises/uruguay/UY_EBI_Biologia_Tramo4_5-6grado.pdf,Objetivos país para comparar
uy_te3,Currículo país,ANEP Uruguay,EBI Ciencias de la Tierra y el Espacio Tramo 3,2023,https://www.anep.edu.uy/sites/default/files/images/te-programas/2023/finales/espacios/cientifico-matematico/Ciencias%20de%20la%20Tierra%20y%20el%20Espacio%20-%20Tramo%203.pdf,paises/uruguay/UY_EBI_TierraEspacio_Tramo3_3-4grado.pdf,Objetivos país para comparar
uy_te4,Currículo país,ANEP Uruguay,EBI Ciencias de la Tierra y el Espacio Tramo 4,2023,https://www.anep.edu.uy/sites/default/files/images/te-programas/2023/finales/espacios/cientifico-matematico/Ciencias%20de%20la%20Tierra%20y%20el%20Espacio_v2%20-%20Tramo%204.pdf,paises/uruguay/UY_EBI_TierraEspacio_Tramo4_5-6grado.pdf,Objetivos país para comparar
uy_fq5,Currículo país,ANEP Uruguay,EBI Ciencias Físico-Químicas Tramo 5 (8.°),2023,https://www.anep.edu.uy/sites/default/files/images/te-programas/2023/finales/espacios/cientifico-matematico/Ciencias%20F%C3%ADsico-Qu%C3%ADmicas%20-%20Tramo%205.pdf,paises/uruguay/UY_EBI_FisicoQuimicas_Tramo5_8grado.pdf,Objetivos país para comparar
uy_bio5,Currículo país,ANEP Uruguay,EBI Biología Tramo 5 (7.°–8.°),2023,https://www.anep.edu.uy/sites/default/files/images/te-programas/2023/finales/espacios/cientifico-matematico/Ciencias%20del%20Ambiente%20(Biolog%C3%ADa)%20-%20Tramo%205%20vv.pdf,paises/uruguay/UY_EBI_Biologia_Tramo5_7-8grado.pdf,Objetivos país para comparar
uy_geo5,Currículo país,ANEP Uruguay,EBI Geografía ambiental Tramo 5 (8.°),2023,https://www.anep.edu.uy/sites/default/files/images/te-programas/2023/finales/espacios/cientifico-matematico/Ciencias%20del%20Ambiente%20(Geograf%C3%ADa)%20-%20Tramo%205v.pdf,paises/uruguay/UY_EBI_GeografiaAmbiental_Tramo5_8grado.pdf,Objetivos país para comparar (Tierra)
uy_fis6,Currículo país,ANEP Uruguay,EBI Física Tramo 6 (9.°),2023,https://www.anep.edu.uy/sites/default/files/images/te-programas/2023/finales/espacios/cientifico-matematico/F%C3%ADsica%20-%20Tramo%206.pdf,paises/uruguay/UY_EBI_Fisica_Tramo6_9grado.pdf,Objetivos país para comparar
uy_qui6,Currículo país,ANEP Uruguay,EBI Química Tramo 6 (9.°),2023,https://www.anep.edu.uy/sites/default/files/images/te-programas/2023/finales/espacios/cientifico-matematico/Qu%C3%ADmica%20-%20Tramo%206.pdf,paises/uruguay/UY_EBI_Quimica_Tramo6_9grado.pdf,Objetivos país para comparar
uy_bio6,Currículo país,ANEP Uruguay,EBI Biología Tramo 6 (9.°),2023,https://www.anep.edu.uy/sites/default/files/images/te-programas/2023/finales/espacios/cientifico-matematico/Biolog%C3%ADa%20-%20Tramo%206v.pdf,paises/uruguay/UY_EBI_Biologia_Tramo6_9grado.pdf,Objetivos país para comparar
cl_bc16,Currículo país,Mineduc Chile,Bases Curriculares 1.° a 6.° básico (Ciencias Naturales desde p. 70),2012,https://www.curriculumnacional.cl/614/articles-22394_bases.pdf,paises/chile/CL_Bases_Curriculares_1-6_basico.pdf,Objetivos de Aprendizaje (OA) por nivel
cl_bc72m,Currículo país,Mineduc Chile,Bases Curriculares 7.° básico a 2.° medio (Ciencias Naturales desde p. 128),2015,https://www.curriculumnacional.cl/614/articles-37136_bases.pdf,paises/chile/CL_Bases_Curriculares_7basico-2medio.pdf,Objetivos de Aprendizaje (OA) por nivel
co_ebc,Currículo país,MEN Colombia,Estándares Básicos de Competencias en Ciencias Naturales y Sociales,2006,https://www.mineducacion.gov.co/1621/articles-116042_archivo_pdf3.pdf,paises/colombia/CO_Estandares_Ciencias.pdf,Estándares por grupo de grados
co_dba,Currículo país,MEN Colombia,Derechos Básicos de Aprendizaje – Ciencias Naturales,2016,http://www.colombiaaprende.edu.co/sites/default/files/files_public/2026-05/dba_c.naturales-min.pdf,paises/colombia/CO_DBA_Ciencias_Naturales.pdf,Aprendizajes por grado
sg_prim,Currículo país,MOE Singapur,Primary Science Syllabus 2023 (P3–P6),2023,https://www.moe.gov.sg/media/files/primary/syllabus/ba3562d3-5b31-4459-8693-45cde7b97273.pdf,paises/singapur/SG_Primary_Science_2023.pdf,Referente de alto desempeño (PISA 2025 ciencias: 560)
sg_lowsec,Currículo país,MOE Singapur,Lower Secondary Science Syllabus (OPCIONAL: MOE retiró el enlace),2021,https://www.moe.gov.sg/secondary/curriculum/syllabus,paises/singapur/SG_LowerSecondary_Science_2021.pdf,Referente de alto desempeño 7.°–8.° (descargar a mano desde moe.gov.sg)
erce19_niveles,Evaluación regional,UNESCO-LLECE (publicado por MINEDUC Guatemala),ERCE 2019 – Niveles de aprendizaje en Ciencias (6.°),2023,https://edu.mineduc.gob.gt/digeduca/documents/erce/2023/niveles_de_aprendizaje_ERCE19_ciencias.pdf,erce/ERCE2019_Niveles_aprendizaje_Ciencias.pdf,Descriptores de desempeño de Ciencias en 6.° (capa de evidencia)
erce19_aportes,Evaluación regional,UNESCO-LLECE,Aportes para la enseñanza de las Ciencias a partir del ERCE 2019,2023,https://unescollece.org/wp-content/uploads/2023/12/Aportes-Ciencias-LMCS.pdf,erce/ERCE2019_Aportes_ensenanza_Ciencias_LLECE.pdf,Dominios y procesos de Ciencias evaluados en la región
au_ss_bio_u13,Currículo pivote Bachillerato,ACARA Australia (CC BY 4.0),Australian Curriculum Senior Secondary Biology v8.4 – unidades 1–3,2015,https://v8.australiancurriculum.edu.au/senior-secondary-curriculum/science/biology/?unit=Unit+1&unit=Unit+2&unit=Unit+3&unit=Unit+4,bachillerato/AU_SeniorSecondary_Biology_v8.4_U1-3.html,Pivote AUSS de Biología/Química 10.°–11.°
au_ss_bio_u4,Currículo pivote Bachillerato,ACARA Australia (CC BY 4.0),"Australian Curriculum Senior Secondary Biology v8.4 – unidad 4 (copia del Internet Archive, 17-abr-2025; el sitio v8 devolvía 524)",2015,https://web.archive.org/web/20250417084233/https://www.australiancurriculum.edu.au/senior-secondary-curriculum/science/biology/?unit=Unit+1&unit=Unit+2&unit=Unit+3&unit=Unit+4&page=2,bachillerato/AU_SeniorSecondary_Biology_v8.4_U4.html,Pivote AUSS de Biología/Química 10.°–11.°
au_ss_chem_u13,Currículo pivote Bachillerato,ACARA Australia (CC BY 4.0),Australian Curriculum Senior Secondary Chemistry v8.4 – unidades 1–3,2015,https://v8.australiancurriculum.edu.au/senior-secondary-curriculum/science/chemistry/?unit=Unit+1&unit=Unit+2&unit=Unit+3&unit=Unit+4,bachillerato/AU_SeniorSecondary_Chemistry_v8.4_U1-3.html,Pivote AUSS de Biología/Química 10.°–11.°
au_ss_chem_u4,Currículo pivote Bachillerato,ACARA Australia (CC BY 4.0),"Australian Curriculum Senior Secondary Chemistry v8.4 – unidad 4 (copia del Internet Archive, 18-ago-2024; el sitio v8 devolvía 524)",2015,https://web.archive.org/web/20240818023357/https://www.australiancurriculum.edu.au/senior-secondary-curriculum/science/chemistry/?unit=Unit+1&unit=Unit+2&unit=Unit+3&unit=Unit+4&page=2,bachillerato/AU_SeniorSecondary_Chemistry_v8.4_U4.html,Pivote AUSS de Biología/Química 10.°–11.°
