grado,archivo,hoja,fila,procedimental,obj1_2027,obj2_2027,justificacion,obj1_2023,obj2_2023,caso_limite_investigaciones,pregunta_para_el_equipo,decision_equipo,correccion,revisado_por
2,Matriz_Ciencias_2do_Grado_U1_U6_3.xlsx,Unidad 1 - Materia,4,"1.2. Indagación de los conceptos de medición, magnitudes cuantitativas y cualitativas.",T4_27-P6.1,,Concepto de medir y observación cualitativa/cuantitativa; práctica científica general.,FUERA,,sí,Concepto de medición general: ¿práctica científica o FUERA?,,,
2,Matriz_Ciencias_2do_Grado_U1_U6_3.xlsx,Unidad 5 - Objetos técnicos,6,5.4. Registro de valores de la máxima resistencia que soporta una estructura.,T4_27-P6.1,,"Predice, prueba y registra carga; práctica investigativa en contexto tecnológico.",FUERA,,sí,Diseño tecnológico con prueba y registro: ¿Investigaciones o FUERA?,,,
2,Matriz_Ciencias_2do_Grado_U1_U6_3.xlsx,Unidad 5 - Objetos técnicos,8,5.6. Indagación de cómo optimizar un dispositivo de transformación de energía.,T4_27-P6.1,,Prueba variables del molinete y compara; diseño tecnológico con indagación.,FUERA,,sí,Diseño tecnológico con prueba de variables: ¿Investigaciones o FUERA?,,,
5,Matriz_Ciencias_5to_Grado_U1_U6.xlsx,Unidad 1 - Magnitudes físicas,11,1.9. Estimación de la propagación del error al momento de manipular varias mediciones.,T8_27-P6.1,,Propagación del error es cálculo; afín a análisis de mediciones repetidas.,FUERA,,sí,Propagación del error (cálculo): ¿análisis de datos o FUERA?,,,
8,Matriz_Ciencias_8vo_Grado_U1_U7.xlsx,Unidad 1 - Mecánica,5,1.3. Interpretación de las características de los gráficos.,T8_27-P6.1,,"Interpretar pendiente y área de gráficos: análisis de datos, más matemático que físico",FUERA,,sí,Interpretar gráficos (más matemático): ¿análisis de datos o FUERA?,,,
8,Matriz_Ciencias_8vo_Grado_U1_U7.xlsx,Unidad 6 - Anatomía y fisiologí,9,6.7. Experimentación con las condiciones de germinación y crecimiento de plantas.,T8_27-B7.1,,Experimento de variables en germinación; ciclos de vida fuera de TIMSS 8,T8-B3.1,,sí,Contenido (germinación) salió de 8.°; queda solo el diseño experimental,,,
8,Matriz_Ciencias_8vo_Grado_U1_U7.xlsx,Unidad 6 - Anatomía y fisiologí,11,6.9. Experimentación con las condiciones de maduración de los frutos.,T8_27-B7.1,,Diseñar experimento de variables; maduración de frutos fuera del catálogo,T8-B3.1,,sí,Contenido (maduración) salió de 8.°; queda solo el diseño experimental,,,
2,Matriz_Ciencias_2do_Grado_U1_U6_3.xlsx,Unidad 4 - Seres vivos,10,4.4. Comparación entre plantas silvestres y de cultivo.,T4_27-B4.1,,Plantas silvestres y cultivadas; encaje débil con ecosistemas comunes.,T4-V4.1,,,,,,
2,Matriz_Ciencias_2do_Grado_U1_U6_3.xlsx,Unidad 4 - Seres vivos,11,4.5. Identificación y registro de los productos de origen vegetal.,FUERA,,Productos vegetales cotidianos; recursos 2027 no incluyen cultivos ni alimentos.,T4-T1.2,,,,,,
2,Matriz_Ciencias_2do_Grado_U1_U6_3.xlsx,Unidad 4 - Seres vivos,12,"4.6. Clasificación de plantas según su uso: alimenticias, ornamentales, medicinales y otros.",FUERA,,Usos humanos de plantas; fuera de la lista cerrada de recursos 2027.,T4-T1.2,,,,,,
2,Matriz_Ciencias_2do_Grado_U1_U6_3.xlsx,Unidad 4 - Seres vivos,16,4.10. Identificación y registro de los productos de origen animal.,FUERA,,Productos de origen animal; fuera de la lista cerrada de recursos 2027.,T4-T1.2,,,,,,
2,Matriz_Ciencias_2do_Grado_U1_U6_3.xlsx,Unidad 4 - Seres vivos,17,4.11. Comparación entre animales silvestres y domésticos.,T4_27-B4.1,,Animales silvestres y domésticos; encaje débil con ecosistemas comunes.,T4-V4.1,,,,,,
2,Matriz_Ciencias_2do_Grado_U1_U6_3.xlsx,Unidad 4 - Seres vivos,19,"4.13. Observación, sin abrir las bolsas, del moho que aparece en el pan (efecto de los microorganismos en los alimentos).",T4_27-B1.1,T4_27-B6.1,Moho crece con humedad; microorganismos no figuran en grupos 2027.,T4-V1.2,T4-V5.2,,,,,
2,Matriz_Ciencias_2do_Grado_U1_U6_3.xlsx,Unidad 4 - Seres vivos,20,4.14. Reconocimiento de las características físicas y el hábitat de los hongos macroscópicos.,T4_27-B1.2,,Rasgos y hábitat de hongos; grupos 2027 solo plantas y animales.,T4-V1.2,T4-V4.1,,,,,
3,Matriz_Ciencias_3er_Grado_U1_U6.xlsx,Unidad 2 - Interacciones terres,9,2.7. Clasificación de rocas por sus características y ambientes de formación,T4_27-E1.2,,Ambientes de formación de rocas; marco 2027 no trata tipos de roca,T4-T1.3,,,,,,
3,Matriz_Ciencias_3er_Grado_U1_U6.xlsx,Unidad 3 - El agua,9,3.7. Experimentación con las propiedades físicas del agua.,T4_27-P1.2,T4_27-P6.1,Propiedades físicas del agua; tensión superficial no listada; mediciones repetidas,T4-F1.2,,,,,,
3,Matriz_Ciencias_3er_Grado_U1_U6.xlsx,Unidad 6 - Los microorganismos,4,6.2. Observación de microorganismos en el microscopio..,T4_27-B5.1,T4_27-B6.1,Agentes infecciosos al microscopio; foco en observación más que transmisión,T4-V5.2,,,,,,
3,Matriz_Ciencias_3er_Grado_U1_U6.xlsx,Unidad 6 - Los microorganismos,7,6.5. Preparación de cultivos microbianos.,T4_27-B1.1,T4_27-B6.1,Crecimiento de microorganismos con registro diario; no hay objetivo específico,T4-V1.1,,,,,,
3,Matriz_Ciencias_3er_Grado_U1_U6.xlsx,Unidad 6 - Los microorganismos,9,6.7. Experimentación del tiempo de degradación de residuos y alimentos.,T4_27-B4.2,T4_27-B6.1,Papel de descomponedores; marco 2027 no los nombra explícitamente,T4-V4.2,,,,,,
3,Matriz_Ciencias_3er_Grado_U1_U6.xlsx,Unidad 6 - Los microorganismos,10,6.8. Reconocimiento de alimentos transformados por microorganismos.,T4_27-P1.3,T4_27-B1.1,Fermentación produce materiales nuevos; levadura como ser vivo,T4-F1.5,T4-V1.1,,,,,
3,Matriz_Ciencias_3er_Grado_U1_U6.xlsx,Unidad 6 - Los microorganismos,11,6.9. Experimentación con métodos de conservación de alimentos.,T4_27-B5.1,T4_27-B6.1,Conservar alimentos previene enfermedades; experimento con registro,T4-V5.2,,,,,,
4,Matriz_Ciencias_4to_Grado_U1_U6.xlsx,Unidad 1 - Máquinas y energía,12,1.10. Cálculo de las transformaciones de energía en electrodomésticos y el cuerpo humano.,T4_27-P4.1,T4_27-P2.1,Cálculos de transformación energética exceden el marco; incluye cuerpo humano,T4-F2.4,,,,,,
4,Matriz_Ciencias_4to_Grado_U1_U6.xlsx,Unidad 2 - Nutrición,12,2.10. Ejercitación con el uso y la representación de datos antropométricos.,T4_27-B6.1,T4_27-B5.2,Foco en representar datos y concluir; contexto biológico de salud,FUERA,,,,,,
4,Matriz_Ciencias_4to_Grado_U1_U6.xlsx,Unidad 2 - Nutrición,14,2.12. Clasificación de tipos de cultivos vegetales según su propósito e intensidad.,T4_27-E3.1,,Cultivos y uso del suelo; clasificación agronómica poco afín,T4-T1.2,,,,,,
4,Matriz_Ciencias_4to_Grado_U1_U6.xlsx,Unidad 3 - Naturaleza y sus int,5,3.3. Caracterización de los niveles de organización ecológica.,T4_27-B4.1,,Niveles de organización ecológica no figuran explícitamente en 2027,T4-V4.1,,,,,,
4,Matriz_Ciencias_4to_Grado_U1_U6.xlsx,Unidad 3 - Naturaleza y sus int,12,3.10. Explicación del origen y comportamiento de ciclones y tormentas.,T4_27-E2.1,,Ciclones y tormentas exceden objetivo de tiempo; incluye gestión de riesgo,T4-T2.1,,,,,,
4,Matriz_Ciencias_4to_Grado_U1_U6.xlsx,Unidad 3 - Naturaleza y sus int,14,3.12. Indagación de la diversidad de fenómenos geológicos.,T4_27-E1.2,,Sismos y erupciones; objetivo 2027 enfatiza cambios lentos del paisaje,T4-T1.3,,,,,,
4,Matriz_Ciencias_4to_Grado_U1_U6.xlsx,Unidad 3 - Naturaleza y sus int,15,3.13. Simulación del origen y comportamiento de algunos fenómenos geológicos.,T4_27-E1.2,,Simula fenómenos geológicos; objetivo 2027 solo cubre parcialmente,T4-T1.3,,,,,,
4,Matriz_Ciencias_4to_Grado_U1_U6.xlsx,Unidad 4 - Sistema solar,4,4.2. Modelación de la estructura del Sol.,T4_27-E4.1,,Capas del Sol no figuran en el objetivo del sistema solar,T4-T3.1,,,,,,
4,Matriz_Ciencias_4to_Grado_U1_U6.xlsx,Unidad 4 - Sistema solar,6,4.4. Descripción de hipótesis sobre la formación de la Luna.,T4_27-E4.1,,Formación de la Luna no está en el objetivo 2027,T4-T3.1,,,,,,
4,Matriz_Ciencias_4to_Grado_U1_U6.xlsx,Unidad 4 - Sistema solar,9,4.7. Identificación de los movimientos de precesión y nutación.,FUERA,,Precesión y nutación fuera; cuadro podría incluir rotación y traslación,T4-T3.2,,,,,,
5,Matriz_Ciencias_5to_Grado_U1_U6.xlsx,Unidad 3 - Estructura atómica,8,3.6. Identificación de los tipos de transferencia de carga.,T8_27-C1.1,,Electrización por transferencia de electrones; electrostática no figura explícitamente.,T8-Q1.1,,,,,,
5,Matriz_Ciencias_5to_Grado_U1_U6.xlsx,Unidad 4 - Tabla periódica,9,4.7. Identificación de los números de oxidación.,T8_27-C1.1,,Números de oxidación; relación indirecta con electrones en enlaces.,T8-Q3.3,,,,,,
5,Matriz_Ciencias_5to_Grado_U1_U6.xlsx,Unidad 5 - Ciencias del espacio,5,5.3. Modelación de la formación del sistema solar.,T8_27-E4.2,,Formación del sistema solar; objetivo solo describe Sol y planetas.,T8-T4.2,,,,,,
5,Matriz_Ciencias_5to_Grado_U1_U6.xlsx,Unidad 6 - Ciencias de la Tierr,16,6.14. Identificación de los procesos químicos que ocurren en el suelo.,T8_27-C3.1,T8_27-E1.2,Reacciones en muestras de suelo; meteorización química.,T8-T2.1,T8-Q3.1,,,,,
5,Matriz_Ciencias_5to_Grado_U1_U6.xlsx,Unidad 6 - Ciencias de la Tierr,18,6.16. Caracterización física de los suelos: clases y tipos.,T8_27-E1.1,,Propiedades físicas del suelo; objetivo no menciona suelos.,T8-T3.2,,,,,,
5,Matriz_Ciencias_5to_Grado_U1_U6.xlsx,Unidad 6 - Ciencias de la Tierr,21,6.19. Descripción de los principales suelos de El Salvador.,T8_27-E1.1,,Tipos de suelos locales; marco no trata suelos explícitamente.,T8-T3.2,,,,,,
6,Matriz_Ciencias_6to_Grado_U1_U6.xlsx,Unidad 1 - Fluidos,6,1.4. Vinculación entre capilaridad y tensión superficial.,T8_27-P1.1,,Tensión superficial y capilaridad no aparecen; afín a propiedades por partículas.,T8-F1.1,,,,,,
6,Matriz_Ciencias_6to_Grado_U1_U6.xlsx,Unidad 1 - Fluidos,7,1.5. Demostración experimental de la capilaridad.,T8_27-P1.1,,Capilaridad no está en el marco; se acerca a propiedades de líquidos.,T8-F1.1,,,,,,
6,Matriz_Ciencias_6to_Grado_U1_U6.xlsx,Unidad 1 - Fluidos,8,1.6. Medición del caudal de un fluido.,T8_27-P6.1,T8_27-E3.2,Foco en medir caudal; uso del agua perdida por goteo como contexto.,T8-F5.3,T8-T3.2,,,,,
6,Matriz_Ciencias_6to_Grado_U1_U6.xlsx,Unidad 1 - Fluidos,9,1.7. Indagación del principio de Bernoulli.,T8_27-P5.3,,Bernoulli no está en el marco; afín a presión y efectos de fuerzas.,T8-F5.3,,,,,,
6,Matriz_Ciencias_6to_Grado_U1_U6.xlsx,Unidad 1 - Fluidos,10,1.8. Aplicación del principio de Bernoulli.,T8_27-P5.3,,Dispositivo de Bernoulli; solo afín a presión y fuerzas del aire.,T8-F5.3,,,,,,
6,Matriz_Ciencias_6to_Grado_U1_U6.xlsx,Unidad 2 - Calor y temperatura,5,2.3. Comparación entre escalas de temperatura.,FUERA,,Escalas y conversiones de temperatura: unidades sin contenido disciplinar del marco.,T8-F2.2,,,,,,
6,Matriz_Ciencias_6to_Grado_U1_U6.xlsx,Unidad 5 - Célula,4,5.2. Experimentación con la actividad enzimática.,T8_27-C3.2,T8_27-B7.1,"Enzimas no están; rapidez de reacción según condiciones, con variables.",T8-B2.1,T8-Q3.2,,,,,
6,Matriz_Ciencias_6to_Grado_U1_U6.xlsx,Unidad 5 - Célula,21,5.19. Descripción general de la estructura y funciones de la matriz extracelular.,T8_27-B2.1,,Matriz extracelular fuera de la célula; solo afín a tejidos.,T8-B2.1,,,,,,
6,Matriz_Ciencias_6to_Grado_U1_U6.xlsx,Unidad 5 - Célula,22,5.20. Observación de las funciones de la matriz extracelular en tejidos secretores.,T8_27-B2.1,,Matriz extracelular en tejidos; marco solo pide tejidos de células.,T8-B2.1,,,,,,
6,Matriz_Ciencias_6to_Grado_U1_U6.xlsx,Unidad 5 - Célula,23,5.21. Aplicación de pruebas bacteriológicas básicas en cultivos sólidos de bacterias.,T8_27-B1.1,T8_27-B7.1,Pruebas bacteriológicas para reconocer bacterias; práctica de laboratorio.,T8-B1.1,,,,,,
6,Matriz_Ciencias_6to_Grado_U1_U6.xlsx,Unidad 5 - Célula,24,5.22. Revisión documental sobre implicaciones de la matriz extracelular en lesiones.,T8_27-B2.1,,Revisión documental de matriz extracelular; poco contenido del marco.,T8-B2.1,,,,,,
6,Matriz_Ciencias_6to_Grado_U1_U6.xlsx,Unidad 6 - Biología del desarro,6,6.4. Identificación de estructuras anatómicas asociadas con la apoptosis y senescencia celular.,T8_27-B2.1,,Apoptosis y senescencia exceden el marco; afín a funciones celulares.,T8-B2.1,T8-B3.1,,,,,
6,Matriz_Ciencias_6to_Grado_U1_U6.xlsx,Unidad 6 - Biología del desarro,7,6.5. Exploración de los mecanismos de reproducción de las formas de vida unicelulares.,T8_27-B2.1,,Reproducción asexual unicelular como división celular; marco solo trata reproducción sexual.,T8-B3.2,,,,,,
6,Matriz_Ciencias_6to_Grado_U1_U6.xlsx,Unidad 6 - Biología del desarro,8,6.6. Visualiza la alternancia de fases a través de muestras.,T8_27-B3.1,,Alternancia de fases incluye fecundación; ciclos de vida salieron del marco.,T8-B3.1,T8-B3.2,,,,,
6,Matriz_Ciencias_6to_Grado_U1_U6.xlsx,Unidad 6 - Biología del desarro,11,6.9. Práctica con técnicas de propagación vegetal asexual.,FUERA,,Propagación vegetal asexual; el marco 2027 solo trata reproducción sexual.,T8-B3.2,,,,,,
7,Matriz_Ciencias_7mo_Grado_U1_U6.xlsx,Unidad 3 - Biodiversidad,11,3.9. Exploración de plataformas de biodiversidad.,T8_27-B1.1,,Uso de plataformas digitales; contenido taxonómico secundario,T8-B1.1,,,,,,
7,Matriz_Ciencias_7mo_Grado_U1_U6.xlsx,Unidad 4 - Ecología,13,4.11. Definición de biomas y sus criterios de clasificación.,T8_27-B5.1,T8_27-E2.3,Biomas clasificados por clima; no hay objetivo específico de biomas,T8-B5.4,T8-T2.3,,,,,
7,Matriz_Ciencias_7mo_Grado_U1_U6.xlsx,Unidad 5 - Recurso hídrico,4,5.2. Exploración de los tipos de cuencas hidrográficas y sus componentes principales.,T8_27-E1.1,T8_27-E2.2,Cuencas hidrográficas: distribución del agua superficial,T8-T3.2,,,,,,
7,Matriz_Ciencias_7mo_Grado_U1_U6.xlsx,Unidad 5 - Recurso hídrico,5,5.3. Estimación de caudal y volumen de cuerpos de aguas superficiales.,T8_27-E1.1,,Cálculo de caudal y volumen de aguas superficiales,T8-T3.2,,,,,,
7,Matriz_Ciencias_7mo_Grado_U1_U6.xlsx,Unidad 5 - Recurso hídrico,9,5.7. Identificación de las regiones hidrogeológicas de El Salvador a partir de mapas.,T8_27-E1.1,,Regiones hidrogeológicas en mapas: distribución del agua,T8-T3.2,,,,,,
7,Matriz_Ciencias_7mo_Grado_U1_U6.xlsx,Unidad 5 - Recurso hídrico,11,5.9. Medición experimental de parámetros fisicoquímicos de calidad de agua.,T8_27-C2.3,T8_27-C4.1,"Medición de parámetros fisicoquímicos del agua, incluido pH",T8-T3.2,T8-Q2.4,,,,,
7,Matriz_Ciencias_7mo_Grado_U1_U6.xlsx,Unidad 5 - Recurso hídrico,12,5.10. Reconocimiento de los usos potenciales del agua de acuerdo con su índice de calidad (ICA).,T8_27-E3.2,T8_27-B5.6,Calidad del agua determina sus usos; gestión del recurso,T8-T3.2,,,,,,
7,Matriz_Ciencias_7mo_Grado_U1_U6.xlsx,Unidad 6 - Ambiente y energía,7,6.5. Construcción de dispositivos de combustión para el aprovechamiento de energías no renovables.,T8_27-P2.1,T8_27-E3.1,Dispositivo de combustión: transformación de energía química; foco tecnológico,T8-F2.1,T8-T3.1,,,,,
7,Matriz_Ciencias_7mo_Grado_U1_U6.xlsx,Unidad 6 - Ambiente y energía,19,6.17. Comparación del rendimiento calórico de los cultivos alimenticios contra el consumo medio de estos.,T8_27-E3.2,T8_27-B6.2,Seguridad alimentaria: producción agrícola y consumo; encaje parcial,T8-B6.2,T8-T3.2,,,,,
8,Matriz_Ciencias_8vo_Grado_U1_U7.xlsx,Unidad 1 - Mecánica,12,1.10. Reconocimiento del torque como la causa del equilbrio rotacional.,T8_27-P5.3,,"Torque y equilibrio rotacional; cercano a palanca, rotación ausente en TIMSS",T8-F5.3,,,,,,
8,Matriz_Ciencias_8vo_Grado_U1_U7.xlsx,Unidad 1 - Mecánica,16,1.14. Cálculo del momento lineal total.,T8_27-P5.3,,Conservación del momento lineal no figura en TIMSS 8; afín a efectos de fuerzas,T8-F5.3,,,,,,
8,Matriz_Ciencias_8vo_Grado_U1_U7.xlsx,Unidad 2 - Energía,6,2.4. Indagación del concepto de trabajo de rotación.,T8_27-P2.1,,"Trabajo de rotación: transferencia de energía, rotación fuera de TIMSS",T8-F2.1,,,,,,
8,Matriz_Ciencias_8vo_Grado_U1_U7.xlsx,Unidad 2 - Energía,7,2.5. Experimentación con el momento de inercia en objetos con movimiento rotacional.,T8_27-P5.3,,Momento de inercia y rotación; solo afín a efectos de fuerzas,T8-F5.3,,,,,,
8,Matriz_Ciencias_8vo_Grado_U1_U7.xlsx,Unidad 5 - Minerales,6,5.4. Indagación del proceso de formación de cristales a partir de un experimento.,T8_27-C2.2,T8_27-E1.2,Cristalización desde disoluciones; vínculo débil con formación de rocas,T8-T2.1,T8-Q2.3,,,,,
8,Matriz_Ciencias_8vo_Grado_U1_U7.xlsx,Unidad 5 - Minerales,7,5.5. Determinación del hábito cristalino de un mineral preparado experimentalmente.,T8_27-C2.1,,Hábito cristalino como propiedad física observable del mineral,T8-Q2.2,,,,,,
8,Matriz_Ciencias_8vo_Grado_U1_U7.xlsx,Unidad 5 - Minerales,8,5.6. Reconocimiento de las estructuras cristalinas de los minerales.,T8_27-C1.1,,Red cristalina como ordenamiento de partículas; nivel superior a TIMSS,T8-Q1.1,,,,,,
9,Matriz_Ciencias_9no_Grado_U1_U7.xlsx,Unidad 1 - Mecánica de fluidos,14,1.12. Resolución de problemas teóricos sobre hidrodinámica.,T8_27-P5.3,,Hidrodinámica general; encaje parcial con presión y fuerzas,T8-F5.3,,,,,,
9,Matriz_Ciencias_9no_Grado_U1_U7.xlsx,Unidad 3 - Equilibrio químico,5,3.3. Identificación del tipo de equilibrio químico y la expresión de la constante de equilibrio en una reacción.,T8_27-C3.2,,Constante de equilibrio no está en TIMSS 8.°,T8-Q3.2,,,,,,
9,Matriz_Ciencias_9no_Grado_U1_U7.xlsx,Unidad 3 - Equilibrio químico,8,3.6. Representación de la constante de equilibrio a partir de ecuaciones de reacción química.,T8_27-C3.2,,Expresión de Kc; contenido ausente en TIMSS 8.°,T8-Q3.2,,,,,,
9,Matriz_Ciencias_9no_Grado_U1_U7.xlsx,Unidad 3 - Equilibrio químico,9,3.7. Resolución de problemas de determinación de la constante de equilibrio químico de una reacción.,T8_27-C3.2,,Cálculo de Kc; contenido ausente en TIMSS 8.°,T8-Q3.2,,,,,,
9,Matriz_Ciencias_9no_Grado_U1_U7.xlsx,Unidad 4 - Oceanografía,5,4.3. Descripción de la topografía y la zonificación del ambiente marino.,T8_27-E1.1,,Topografía y zonas marinas; encaje débil con estructura terrestre,T8-T1.1,,,,,,
9,Matriz_Ciencias_9no_Grado_U1_U7.xlsx,Unidad 4 - Oceanografía,6,4.4. Observación experimental de la incidencia del viento y del calor sobre una masa de agua.,T8_27-E2.3,T8_27-P2.2,Interacción océano-atmósfera por viento y calor,T8-T2.3,T8-F2.2,,,,,
9,Matriz_Ciencias_9no_Grado_U1_U7.xlsx,Unidad 4 - Oceanografía,8,4.6. Identificación experimental de las magnitudes físicas que influyen en las corrientes oceánicas profundas.,T8_27-E2.3,T8_27-P5.3,Corrientes profundas por diferencias de densidad y temperatura,T8-T2.3,,,,,,
9,Matriz_Ciencias_9no_Grado_U1_U7.xlsx,Unidad 4 - Oceanografía,9,4.7. Representación de la configuración actual de las corrientes oceánicas superficiales.,T8_27-E2.3,,Mapa de corrientes superficiales; relación indirecta con clima,T8-T2.3,,,,,,
9,Matriz_Ciencias_9no_Grado_U1_U7.xlsx,Unidad 4 - Oceanografía,10,4.8. Indagación del fenómeno de oleaje.,T8_27-P2.1,,Oleaje como transferencia de energía; sin objetivo específico,T8-F2.1,,,,,,
9,Matriz_Ciencias_9no_Grado_U1_U7.xlsx,Unidad 4 - Oceanografía,11,4.9. Experimentación con los procesos asociados a la generación y la propagación de olas.,T8_27-P2.1,,Generación y propagación de olas; energía del viento,T8-F2.1,T8-T2.1,,,,,
9,Matriz_Ciencias_9no_Grado_U1_U7.xlsx,Unidad 4 - Oceanografía,16,4.14. Demostración experimental de las variables que influyen en la estratificación vertical del ambiente marino.,T8_27-P5.3,T8_27-E1.1,Estratificación por densidad y temperatura; encaje débil,T8-B5.4,T8-T1.1,,,,,
9,Matriz_Ciencias_9no_Grado_U1_U7.xlsx,Unidad 6 - Electricidad,3,6.1. Demostración experimental de la carga eléctrica de los cuerpos.,T8_27-P4.1,,Carga electrostática; marco 2027 solo trata circuitos,T8-F4.1,,,,,,
9,Matriz_Ciencias_9no_Grado_U1_U7.xlsx,Unidad 6 - Electricidad,4,6.2. Experimentación con las características del campo y la fuerza eléctrica.,T8_27-P5.2,T8_27-P4.1,Fuerza eléctrica con magnitud y dirección; electrostática fuera,T8-F4.1,T8-F5.2,,,,,
9,Matriz_Ciencias_9no_Grado_U1_U7.xlsx,Unidad 6 - Electricidad,5,6.3. Cálculo de la fuerza eléctrica considerando cargas puntuales en una dimensión.,T8_27-P5.2,,Ley de Coulomb: fuerza entre cargas; no explícita,T8-F5.2,T8-F4.1,,,,,
9,Matriz_Ciencias_9no_Grado_U1_U7.xlsx,Unidad 7 - Magnetismo aplicado,4,7.2. Reconocimiento de aplicaciones del campo magnético para la exploración espacial.,T8_27-P4.2,,Aplicaciones magnéticas en exploración espacial; encaje indirecto,T8-F4.2,,,,,,
