id,grado,unidad,tema_malla,obj1,obj1_texto,obj2,obj2_texto,confianza,justificacion,decision (aceptar|cambiar|rechazar),nuevo_obj1,nuevo_obj2,comentario,revisado_por
G10-BIO-U1-1.1,10,1. Biomoléculas,1.1. Identificación de los carbohidratos y sus estructuras.,FUERA,,,,media,Estructura de carbohidratos no figura en el catálogo AUSS de Biología.,,,,,
G10-BIO-U1-1.2,10,1. Biomoléculas,1.2. Interpretación de las clasificaciones y las propiedades de los carbohidratos.,FUERA,,,,media,Clasificación y propiedades de carbohidratos ausentes del catálogo AUSS.,,,,,
G10-BIO-U1-1.4,10,1. Biomoléculas,1.4. Reconocimiento de los lípidos y su clasificación general.,FUERA,,,,media,Clasificación de lípidos no aparece en ningún objetivo del catálogo.,,,,,
G10-BIO-U1-1.5,10,1. Biomoléculas,1.5. Extracción de distintos tipos de lípidos.,FUERA,,ACSBL032,"Realizar investigaciones con técnicas de microscopía, disecciones reales o virtuales y análisis químicos, de forma segura y metódica para obtener datos válidos y confiables.",media,Lípidos fuera del catálogo; la extracción encaja con análisis químicos de laboratorio.,,,,,
G10-BIO-U8-8.2,10,8. Ciclos biogeoquímicos en la Tierra,"8.2. Análisis del balance hídrico de la cuenca del río Lempa con datos de precipitación, evapotranspiración y caudal.",FUERA,,,,media,Balance hídrico de cuencas es hidrología; el catálogo no incluye ciclo del agua.,,,,,
G11-BIO-U2-2.1,11,2. Biotecnología microbiana y los virus,2.1. Indagación del concepto y aplicaciones de la biotecnología microbiana a través de la observación de productos comerciales.,FUERA,,,,media,Biotecnología microbiana industrial y productos comerciales no están en el catálogo.,,,,,
G11-BIO-U2-2.12,11,2. Biotecnología microbiana y los virus,2.12. Exposición sobre los mecanismos de acción de las sustancias antimicrobianas más comunes.,FUERA,,,,media,Mecanismos de acción de antimicrobianos no aparecen en el catálogo.,,,,,
G11-BIO-U2-2.5,11,2. Biotecnología microbiana y los virus,2.5. Elaboración de cultivos bacterianos en medios sólidos.,FUERA,,,,media,Técnica de cultivo bacteriano en medio sólido no figura en el catálogo.,,,,,
G11-BIO-U3-3.1,11,3. Biotecnología vegetal y agroindustria,3.1. Indagación del concepto y aplicaciones de la biotecnología vegetal.,FUERA,,,,media,Concepto y aplicaciones de biotecnología vegetal agroindustrial no están en catálogo.,,,,,
G11-BIO-U3-3.13,11,3. Biotecnología vegetal y agroindustria,3.13. Preparación de las condiciones para un cultivo in vitro de plantas.,FUERA,,,,media,Condiciones de cultivo in vitro vegetal no están en el catálogo.,,,,,
G11-BIO-U3-3.14,11,3. Biotecnología vegetal y agroindustria,3.14. Experimentación con métodos caseros de cultivo in vitro de plantas.,FUERA,,,,media,Métodos caseros de cultivo in vitro vegetal no están en el catálogo.,,,,,
G11-BIO-U3-3.17,11,3. Biotecnología vegetal y agroindustria,3.17. Experimentación con métodos de almacenamiento de semillas.,FUERA,,,,media,Almacenamiento de semillas es técnica agronómica ausente del catálogo.,,,,,
G11-BIO-U3-3.18,11,3. Biotecnología vegetal y agroindustria,3.18. Clasificación de los agroquímicos para el control de plagas según su uso y etiquetado de seguridad.,FUERA,,,,alta,Clasificación y etiquetado de agroquímicos no corresponde a ningún objetivo.,,,,,
G11-BIO-U3-3.5,11,3. Biotecnología vegetal y agroindustria,3.5. Experimentación con técnicas de propagación vegetativa.,FUERA,,,,media,Técnicas agrícolas de propagación vegetativa no figuran en el catálogo.,,,,,
G11-BIO-U3-3.8,11,3. Biotecnología vegetal y agroindustria,3.8. Experimentación con técnicas de cultivo de plantas en distintos sustratos.,FUERA,,,,media,Cultivo en sustratos alternativos es técnica agronómica ausente del catálogo.,,,,,
G11-BIO-U6-6.6,11,6. Mecánica de fluidos en los seres vivos,6.6. Aplicación del principio de Arquímedes a la regulación de la flotación y la locomoción en organismos acuáticos.,FUERA,,,,media,Flotación por vejiga natatoria y Arquímedes no figura en el catálogo.,,,,,
G10-BIO-U1-1.10,10,1. Biomoléculas,1.10. Identificación de las funciones de los nucleótidos libres.,ACSBL053,"Respiración celular aerobia y anaerobia en citosol y mitocondrias, que libera energía como ATP, representada mediante una ecuación química balanceada.",,,baja,Nucleótidos libres como ATP se relacionan con energía liberada en respiración.,,,,,
G10-BIO-U1-1.3,10,1. Biomoléculas,1.3. Explicación de la importancia de los polisacáridos y su metabolismo.,ACSBL053,"Respiración celular aerobia y anaerobia en citosol y mitocondrias, que libera energía como ATP, representada mediante una ecuación química balanceada.",ACSBL044,"Requerimientos celulares de energía (luminosa o química) y materia (gases, nutrientes, iones), y eliminación de desechos para la supervivencia.",baja,Metabolismo de polisacáridos se acerca parcialmente a respiración y requerimientos energéticos celulares.,,,,,
G10-BIO-U1-1.6,10,1. Biomoléculas,1.6. Explicación del metabolismo de lípidos.,ACSBL053,"Respiración celular aerobia y anaerobia en citosol y mitocondrias, que libera energía como ATP, representada mediante una ecuación química balanceada.",,,baja,Metabolismo de lípidos solo roza la liberación de energía en respiración celular.,,,,,
G10-BIO-U1-1.7,10,1. Biomoléculas,1.7. Reconocimiento de la estructura de los aminoácidos y su estereoquímica.,ACSBL080,"Importancia de las proteínas, incluidas las enzimas, en la estructura y el funcionamiento celular.",,,baja,Estructura de aminoácidos se vincula parcialmente con importancia de proteínas.,,,,,
G10-BIO-U1-1.8,10,1. Biomoléculas,1.8. Extracción e identificación de proteínas.,ACSBL080,"Importancia de las proteínas, incluidas las enzimas, en la estructura y el funcionamiento celular.",ACSBL032,"Realizar investigaciones con técnicas de microscopía, disecciones reales o virtuales y análisis químicos, de forma segura y metódica para obtener datos válidos y confiables.",baja,Identificación de proteínas y enzimas roza su importancia; extracción es análisis químico.,,,,,
G10-BIO-U1-1.9,10,1. Biomoléculas,1.9. Clasificación de las proteínas de acuerdo con diferentes criterios.,ACSBL080,"Importancia de las proteínas, incluidas las enzimas, en la estructura y el funcionamiento celular.",ACSBL051,"Función específica de las enzimas y su modificación por temperatura, pH, inhibidores y concentración de reactivos y productos.",baja,Clasificación y desnaturalización de proteínas toca su función y factores enzimáticos.,,,,,
G10-BIO-U2-2.2,10,2. Biología celular,2.2. Análisis de los conceptos de entropía y organización en los seres vivos.,ACSBL044,"Requerimientos celulares de energía (luminosa o química) y materia (gases, nutrientes, iones), y eliminación de desechos para la supervivencia.",,,baja,Entropía y organización solo se relacionan indirectamente con requerimientos de energía y materia.,,,,,
G10-BIO-U2-2.9,10,2. Biología celular,2.9. Búsqueda y visualización de enzimas en bases de datos.,ACSBL051,"Función específica de las enzimas y su modificación por temperatura, pH, inhibidores y concentración de reactivos y productos.",ACSBL068,"Aumento del tamaño, precisión y alcance geográfico y temporal de los conjuntos de datos científicos gracias a las TIC y otras tecnologías.",baja,Búsqueda de enzimas en bases de datos combina función enzimática y datos TIC.,,,,,
G10-BIO-U3-3.11,10,3. Anatomía y fisiología humana,3.11. Exploración de los impactos del estrés y del sueño en las respuestas inmunitarias.,ACSBL120,"Respuestas inmunitarias innatas (generales) ante patógenos en plantas y animales, y respuestas inmunitarias adaptativas adicionales en vertebrados.",,,baja,Estrés y sueño modulan respuestas inmunitarias; el catálogo no trata esos factores.,,,,,
G10-BIO-U3-3.12,10,3. Anatomía y fisiología humana,3.12. Investigación de las enfermedades que afectan el sistema inmunitario y sus consecuencias.,ACSBL116,"Enfermedad infecciosa: causada por la invasión de un patógeno y transmisible entre hospederos, a diferencia de enfermedades genéticas o asociadas al estilo de vida.",ACSBL122,"Inmunidad adaptativa en vertebrados: humoral mediante anticuerpos de linfocitos B y celular mediante linfocitos T, con células de memoria que confieren inmunidad duradera.",baja,Enfermedades inmunitarias se contrastan con infecciosas; catálogo no trata inmunodeficiencias ni autoinmunidad.,,,,,
G10-BIO-U3-3.3,10,3. Anatomía y fisiología humana,3.3. Explicación de la anatomía general y funciones corporales reguladas por el sistema nervioso central y el sistema nervioso periférico.,ACSBL110,"Homeostasis como modelo estímulo-respuesta con retroalimentación negativa; en vertebrados, receptores y efectores conectados por un centro de control mediante vías nerviosas u hormonales.",ACSBL112,"Vías nerviosas de receptores a neuronas y efectores: potencial de acción a lo largo del axón, transmisión sináptica por neurotransmisores y transducción de señales.",baja,Anatomía del SNC y SNP solo roza el centro de control homeostático.,,,,,
G10-BIO-U4-4.5,10,4. Genética moderna,4.5. Cálculo de frecuencias de recombinación entre genes ligados y construcción de mapas genéticos lineales.,ACSBL084,"Variación genotípica de la descendencia originada por meiosis, fecundación y mutaciones.",,,baja,Recombinación por entrecruzamiento genera variación meiótica; mapas genéticos no figuran en catálogo.,,,,,
G10-BIO-U5-5.5,10,5. Evolución,5.5. Comparación de etapas del desarrollo embrionario de vertebrados como evidencia de un ancestro común.,ACSBL017,Sistemas de clasificación biológica como reflejo del parentesco evolutivo entre grupos de organismos.,,,baja,Embriología comparada evidencia ancestro común; el catálogo solo trata parentesco en clasificación.,,,,,
G10-BIO-U5-5.6,10,5. Evolución,5.6. Análisis de la distribución geográfica de las especies y del Gran Intercambio Biótico Americano tras el cierre del istmo centroamericano.,ACSBL094,Especiación alopátrica por presiones de selección diferentes entre poblaciones geográficamente aisladas.,,,baja,"Biogeografía del istmo relaciona aislamiento geográfico, pero el intercambio biótico no está en catálogo.",,,,,
G10-BIO-U6-6.1,10,6. Termodinámica y sistemas vivos,6.1. Cálculo de la variación de energía libre de reacciones biológicas acopladas a la hidrólisis del ATP.,ACSBL053,"Respiración celular aerobia y anaerobia en citosol y mitocondrias, que libera energía como ATP, representada mediante una ecuación química balanceada.",,,baja,Energía libre y acoplamiento con ATP solo rozan la liberación de energía respiratoria.,,,,,
G10-BIO-U6-6.4,10,6. Termodinámica y sistemas vivos,6.4. Análisis de la relación entre masa corporal y tasa metabólica mediante gráficas logarítmicas y la ley de Kleiber.,ACSBL114,"Mecanismos de termorregulación en animales endotermos: rasgos estructurales, respuestas conductuales y mecanismos fisiológicos y homeostáticos que controlan el intercambio de calor y el metabolismo.",ACSBL099,"Representar y analizar datos con media, mediana, rango y probabilidad; discutir error, precisión, procedimiento y tamaño de muestra; justificar conclusiones con evidencia.",baja,Tasa metabólica y superficie-volumen rozan intercambio de calor; ley de Kleiber ausente.,,,,,
G10-BIO-U8-8.1,10,8. Ciclos biogeoquímicos en la Tierra,8.1. Modelación de los ciclos biogeoquímicos como sistemas de reservorios y flujos con cálculo de tiempos de residencia.,ACSBL022,"Transferencia y transformación de energía solar en biomasa y ciclos biogeoquímicos del carbono y nitrógeno, representados con redes tróficas, pirámides de biomasa y ciclos.",,,baja,Reservorios y flujos modelan ciclos biogeoquímicos; tiempos de residencia exceden el catálogo.,,,,,
G10-BIO-U8-8.5,10,8. Ciclos biogeoquímicos en la Tierra,8.5. Comparación de los ciclos del fósforo y del azufre con énfasis en el aporte del vulcanismo salvadoreño.,ACSBL022,"Transferencia y transformación de energía solar en biomasa y ciclos biogeoquímicos del carbono y nitrógeno, representados con redes tróficas, pirámides de biomasa y ciclos.",,,baja,Ciclos de fósforo y azufre extienden ciclos biogeoquímicos; catálogo solo cubre carbono y nitrógeno.,,,,,
G11-BIO-U1-1.10,11,1. Ecología y ambiente,1.10. Indagación de los mecanismos de restauración de ecosistemas.,ACSBL014,"Uso del conocimiento científico para proyectar y evaluar impactos económicos, sociales y ambientales y diseñar acciones de sostenibilidad.",ACSBL026,Sucesión ecológica: cambios en las poblaciones de un hábitat que modifican interacciones bióticas y abióticas e impulsan nuevos cambios en especies y tamaño poblacional.,baja,Restauración se acerca a acciones de sostenibilidad y sucesión ecológica.,,,,,
G11-BIO-U1-1.12,11,1. Ecología y ambiente,1.12. Reconocimiento de estrategias de restauración de ecosistemas.,ACSBL014,"Uso del conocimiento científico para proyectar y evaluar impactos económicos, sociales y ambientales y diseñar acciones de sostenibilidad.",ACSBL026,Sucesión ecológica: cambios en las poblaciones de un hábitat que modifican interacciones bióticas y abióticas e impulsan nuevos cambios en especies y tamaño poblacional.,baja,Estrategias de restauración se acercan a acciones de sostenibilidad.,,,,,
G11-BIO-U1-1.8,11,1. Ecología y ambiente,1.8. Reconocimiento de las causas y consecuencias del cambio climático antropogénico.,ACSBL028,"Impacto de actividades humanas (sobreexplotación, destrucción de hábitats, monocultivos, contaminación) en la biodiversidad y en la magnitud, duración y rapidez del cambio ecosistémico.",,,baja,Cambio climático antropogénico solo se relaciona parcialmente con impacto humano ecosistémico.,,,,,
G11-BIO-U2-2.11,11,2. Biotecnología microbiana y los virus,"2.11. Visualización de respuestas macroscópicas de microorganismos frente a antibióticos, antimicóticos u organismos antagonistas.",ACSBL125,"Factores interrelacionados en la propagación de enfermedades (persistencia del patógeno, transmisión, inmunidad poblacional, movilidad) para predecir brotes y evaluar estrategias de control.",ACSBL020,"Relaciones interespecíficas en los ecosistemas: depredación, competencia, simbiosis y enfermedad.",baja,Antibióticos y probióticos se acercan a estrategias de control y antagonismo.,,,,,
G11-BIO-U2-2.14,11,2. Biotecnología microbiana y los virus,2.14. Comparación de los ciclos de replicación viral lítico y lisogénico.,ACSBL118,"Adaptaciones de los patógenos para entrar en células y transmitirse por contacto directo, fluidos corporales, alimentos o agua contaminados y vectores específicos.",,,baja,Ciclos lítico y lisogénico se acercan a entrada del patógeno en células.,,,,,
G11-BIO-U2-2.15,11,2. Biotecnología microbiana y los virus,2.15. Análisis del uso de bacteriófagos y vectores virales en la biotecnología médica.,ACSBL087,"Biotecnología basada en enzimas bacterianas, plásmidos como vectores, electroforesis en gel, transformación bacteriana y PCR.",ACSBL123,Inmunidad pasiva (anticuerpos placentarios o suero) y activa (exposición natural al patógeno o vacunación) en vertebrados.,baja,Vectores virales y fagos se acercan a biotecnología con vectores y vacunación.,,,,,
G11-BIO-U2-2.2,11,2. Biotecnología microbiana y los virus,2.2. Observación de microorganismos de interés industrial o médico empleando técnicas de tinción.,ACSBL117,"Tipos de patógenos: priones, virus, bacterias, hongos, protistas y parásitos.",ACSBL032,"Realizar investigaciones con técnicas de microscopía, disecciones reales o virtuales y análisis químicos, de forma segura y metódica para obtener datos válidos y confiables.",baja,Microorganismos de importancia médica se acercan a tipos de patógenos; tinción microscópica.,,,,,
G11-BIO-U2-2.4,11,2. Biotecnología microbiana y los virus,2.4. Demostración práctica de las condiciones de crecimiento y medios de cultivo apropiados para distintos grupos de microrganismos.,ACSBL044,"Requerimientos celulares de energía (luminosa o química) y materia (gases, nutrientes, iones), y eliminación de desechos para la supervivencia.",,,baja,Condiciones de crecimiento microbiano se relacionan con requerimientos celulares de materia y energía.,,,,,
G11-BIO-U2-2.6,11,2. Biotecnología microbiana y los virus,2.6. Estimación de la cantidad de colonias en placas de cultivo.,ACSBL033,"Representar, organizar y analizar datos para identificar tendencias, patrones y relaciones, describir errores de medición, incertidumbre y limitaciones, y justificar conclusiones con evidencia.",,,baja,Recuento de colonias es estimación cuantitativa; encaje parcial con análisis de datos.,,,,,
G11-BIO-U2-2.7,11,2. Biotecnología microbiana y los virus,2.7. Indagación de la importancia demetabolismo bacteriano en el ambiente y sus aplicaciones en agricultura y alimentación..,ACSBL022,"Transferencia y transformación de energía solar en biomasa y ciclos biogeoquímicos del carbono y nitrógeno, representados con redes tróficas, pirámides de biomasa y ciclos.",,,baja,Metabolismo bacteriano ambiental se acerca al ciclo del nitrógeno.,,,,,
G11-BIO-U2-2.8,11,2. Biotecnología microbiana y los virus,2.8. Aplicación de tecnologías basadas en la fermentación.,ACSBL053,"Respiración celular aerobia y anaerobia en citosol y mitocondrias, que libera energía como ATP, representada mediante una ecuación química balanceada.",,,baja,Fermentación aplicada se relaciona con respiración anaerobia; foco tecnológico local.,,,,,
G11-BIO-U3-3.10,11,3. Biotecnología vegetal y agroindustria,3.10. Indagación de la existencia de hormonas vegetales.,ACSBL113,"Hormonas que modifican el metabolismo de células, tejidos u órganos diana; secretadas por glándulas endocrinas y transportadas por los sistemas circulatorio o linfático.",,,baja,Hormonas vegetales se acercan a hormonas que modifican metabolismo; catálogo es animal.,,,,,
G11-BIO-U3-3.11,11,3. Biotecnología vegetal y agroindustria,3.11. Experimentación con los efectos de hormonas vegetales y fitorreguladores en el desarrollo de las plantas.,ACSBL113,"Hormonas que modifican el metabolismo de células, tejidos u órganos diana; secretadas por glándulas endocrinas y transportadas por los sistemas circulatorio o linfático.",ACSBL097,"Diseñar investigaciones definiendo procedimiento, materiales y tipo y cantidad de datos, evaluando riesgos y considerando la ética y los derechos de los organismos vivos.",baja,Efectos de fitorreguladores se acercan a acción hormonal; experimentación como diseño.,,,,,
G11-BIO-U3-3.12,11,3. Biotecnología vegetal y agroindustria,3.12. Reconocimiento de los efectos del fotoperíodo en plantas.,ACSBL111,"Cambios en la actividad metabólica, rasgos estructurales, procesos fisiológicos y conducta que mantienen el medio interno del organismo dentro de límites de tolerancia.",,,baja,Respuesta al fotoperíodo se acerca a respuestas fisiológicas al ambiente.,,,,,
G11-BIO-U3-3.15,11,3. Biotecnología vegetal y agroindustria,3.15. Caracterización de los métodos para regeneración in vitro de plantas.,ACSBL083,"Expresión génica diferencial como control de la diferenciación celular, la formación de tejidos y los cambios estructurales durante el crecimiento.",,,baja,Regeneración in vitro se relaciona con diferenciación celular por expresión génica.,,,,,
G11-BIO-U3-3.16,11,3. Biotecnología vegetal y agroindustria,3.16. Indagación de la importancia de la conservación del germoplasma.,ACSBL095,Mayor riesgo de extinción en poblaciones con diversidad genética reducida.,ACSBL074,"Uso del conocimiento científico para proyectar y evaluar impactos económicos, sociales y ambientales y diseñar acciones de sostenibilidad.",baja,Conservar germoplasma protege diversidad genética; relación indirecta con riesgo de extinción.,,,,,
G11-BIO-U3-3.4,11,3. Biotecnología vegetal y agroindustria,3.4. Indagación de la importancia del tipo de reproducción en las plantas para la producción agrícola.,ACSBL075,"Continuidad de la vida mediante replicación del material genético y su transmisión por fisión binaria, mitosis, meiosis y fecundación.",ACSBL084,"Variación genotípica de la descendencia originada por meiosis, fecundación y mutaciones.",baja,"Reproducción sexual y asexual vegetal se relaciona con mitosis, meiosis y fecundación.",,,,,
G11-BIO-U3-3.9,11,3. Biotecnología vegetal y agroindustria,3.9. Reconocimiento de los efectos de los cambios del pH del suelo en la nutrición mineral de las plantas.,ACSBL044,"Requerimientos celulares de energía (luminosa o química) y materia (gases, nutrientes, iones), y eliminación de desechos para la supervivencia.",ACSBL021,"Uso de factores bióticos y abióticos, como clima y sustrato, para describir y clasificar ambientes.",baja,pH del suelo afecta disponibilidad de iones requeridos por células vegetales.,,,,,
G11-BIO-U4-4.1,11,4. Bases genéticas de la evolución,4.1. Demostración de las diferencias en cuanto al tamaño del genoma y ploidía entre especies.,ACSBL078,"Genes con ADN codificante y no codificante, muchos de ellos portadores de información para la síntesis de proteínas.",ACSBL076,"ADN como molécula de doble hélice unida a proteínas en cromosomas nucleares y como ADN circular libre en procariotas, mitocondrias y cloroplastos.",baja,Tamaño del genoma se relaciona con ADN no codificante; ploidía con cromosomas.,,,,,
G11-BIO-U4-4.13,11,4. Bases genéticas de la evolución,4.13. Reconocimiento de mecanismos de transducción y transfección celular.,ACSBL087,"Biotecnología basada en enzimas bacterianas, plásmidos como vectores, electroforesis en gel, transformación bacteriana y PCR.",,,baja,Transfección se acerca a transformación bacteriana; transducción no está explícita.,,,,,
G11-BIO-U4-4.14,11,4. Bases genéticas de la evolución,4.14. Simulación de un proceso de transferencia genética horizontal (TGH).,ACSBL091,"Mutación, flujo génico y deriva genética, junto con la selección, como causas de cambios en frecuencias alélicas y microevolución.",ACSBL087,"Biotecnología basada en enzimas bacterianas, plásmidos como vectores, electroforesis en gel, transformación bacteriana y PCR.",baja,Transferencia horizontal cambia frecuencias alélicas; encaje parcial con flujo génico.,,,,,
G11-BIO-U6-6.1,11,6. Mecánica de fluidos en los seres vivos,6.1. Interpretación de la presión arterial como presión manométrica y de los principios físicos de su medición.,ACSBL058,"Transporte interno de materiales en animales facilitado por la estructura y función del sistema circulatorio a nivel celular y tisular, como los capilares.",,,baja,Presión arterial se relaciona con sistema circulatorio; foco en física manométrica.,,,,,
G11-BIO-U6-6.3,11,6. Mecánica de fluidos en los seres vivos,6.3. Análisis de la ley de Poiseuille para relacionar el radio de un vaso sanguíneo con el caudal y la presión necesaria.,ACSBL058,"Transporte interno de materiales en animales facilitado por la estructura y función del sistema circulatorio a nivel celular y tisular, como los capilares.",,,baja,Ley de Poiseuille en vasos se relaciona con circulación; foco físico.,,,,,
G11-BIO-U6-6.5,11,6. Mecánica de fluidos en los seres vivos,6.5. Modelización de la mecánica respiratoria mediante la ley de Boyle y un modelo de pulmón con botella y globos.,ACSBL056,Intercambio de gases en animales facilitado por la estructura y función del sistema respiratorio a nivel celular y tisular.,,,baja,Ventilación pulmonar se relaciona con sistema respiratorio; ley de Boyle es física.,,,,,
G11-BIO-U7-7.4,11,7. Dinámica de poblaciones (relaciones intra e interespecíficas),7.4. Construcción de tablas de vida y curvas de supervivencia para caracterizar las estrategias r y K.,ACSBL025,"Capacidad de carga de los ecosistemas que limita las poblaciones y su alteración por cambios en factores bióticos y abióticos, incluidos eventos climáticos.",ACSBL004,"Representar, organizar y analizar datos para identificar tendencias, patrones y relaciones, describir errores de medición, incertidumbre y limitaciones, y justificar conclusiones con evidencia.",baja,Estrategias r y K se relacionan parcialmente con capacidad de carga.,,,,,
