concepto,nombre,primer_grado_sv,mediana_paises,mediana_alto_desempeno,AU,CO,ENG,SG,UY,oportunidad
CON:quimica/reacciones-exotermicas-y-endotermicas,Reacciones exotérmicas y endotérmicas,10,6.5,6.5,7.0,,6.0,,,3.5
CON:quimica/teoria-cinetica-de-los-gases,Teoría cinética de los gases,10,7.25,6.0,,8.5,6.0,,,2.75
CON:quimica/enlace-quimico,Enlace químico,10,7.75,,,6.5,,,9.0,2.25
CON:quimica/composicion-del-aire-y-contaminantes,Composición del aire y contaminantes atmosféricos,7,5.0,5.0,,4.5,,5.0,5.0,2.0
CON:quimica/conservacion-de-la-masa,Conservación de la masa,10,8.0,7.0,8.0,8.0,6.0,,9.0,2.0
CON:quimica/sustancias-puras-elementos-y-compuestos,Sustancias puras: elementos y compuestos,8,6.0,6.0,6.0,6.0,6.0,,5.0,2.0
CON:quimica/procesos-de-la-industria-quimica,Procesos de la industria química,8,6.25,6.0,,6.5,6.0,,,1.75
CON:quimica/cambios-de-estado,Cambios de estado,2,2,2,2,2,2,4.0,3.0,0
CON:quimica/estados-de-la-materia,Estados de la materia,2,2,2,2,2,2,4.0,3.0,0
CON:quimica/materia-y-materiales,Materia y materiales,2,2.0,2,2,2,2,3.0,,0.0
CON:quimica/modelo-de-particulas,Modelo de partículas de la materia,6,6.0,5.0,4.0,8.5,6.0,,6.0,0.0
CON:quimica/propiedades-fisicas-de-los-materiales,Propiedades físicas de los materiales,2,2,2,2,2,2,3.0,3.0,0
CON:quimica/acidos-y-bases-propiedades,Ácidos y bases: propiedades,7,7.25,6.0,,8.5,6.0,,,-0.25
CON:quimica/cambios-fisicos-y-quimicos,Cambios físicos y químicos,3,3.25,2.0,2,4.5,2,,5.0,-0.25
CON:quimica/escala-de-ph,Escala de pH,7,7.25,6.0,,8.5,6.0,,,-0.25
CON:quimica/combustion,Combustión,7,8.0,7.0,8.0,8.5,6.0,,,-1.0
CON:quimica/ecuacion-quimica-y-balanceo,Ecuación química y su balanceo,7,8.0,7.0,8.0,,6.0,,9.0,-1.0
CON:quimica/moleculas-y-formulas-quimicas,Moléculas y fórmulas químicas,5,6.25,6.5,7.0,6.5,6.0,,6.0,-1.25
CON:quimica/tabla-periodica,Organización de la tabla periódica,5,6.25,7.5,9.0,6.5,6.0,,5.0,-1.25
CON:quimica/modelos-atomicos-historicos,Evolución de los modelos atómicos,5,6.5,7.0,8.0,6.5,6.0,,,-1.5
CON:quimica/solubilidad,Solubilidad y disoluciones saturadas,3,4.5,3.0,,4.5,3.0,,5.0,-1.5
CON:quimica/tipos-de-reacciones-quimicas,Clasificación de las reacciones químicas,6,7.5,7.5,9.0,,6.0,,,-1.5
CON:quimica/atomo-y-particulas-subatomicas,Átomo y partículas subatómicas,5,7.25,7.0,8.0,6.5,6.0,,9.0,-2.25
CON:quimica/densidad-y-flotacion,Densidad y flotación,2,4.5,6.0,,4.5,6.0,,3.0,-2.5
CON:quimica/nomenclatura-inorganica,Compuestos inorgánicos: funciones y nomenclatura,5,7.5,6.0,,,6.0,,9.0,-2.5
CON:quimica/separacion-de-mezclas,Métodos físicos de separación de mezclas,2,4.5,4.5,6.0,4.0,3.0,,5.0,-2.5
CON:quimica/propiedades-periodicas,Propiedades periódicas,5,7.75,7.5,9.0,6.5,6.0,,9.0,-2.75
CON:quimica/propiedades-singulares-del-agua,Propiedades singulares del agua,3,6.0,6.0,,6.5,6.0,,4.0,-3.0
CON:quimica/reaccion-quimica-y-evidencias,Reacción química y sus evidencias,2,5.0,4.0,5.0,8.0,3.0,,,-3.0
CON:quimica/configuracion-electronica,Configuración electrónica,5,9.0,9.0,9.0,,,,9.0,-4.0
CON:quimica/mezclas,Mezclas homogéneas y heterogéneas,2,6.0,6.0,6.0,4.0,6.0,,6.0,-4.0
CON:quimica/propiedades-fisicas-y-quimicas,Propiedades físicas y químicas,2,6.0,6.0,,6.0,6.0,,8.0,-4.0
CON:quimica/disolucion-y-su-rapidez,Disolución y rapidez de disolución,3,7.5,6.0,,9.0,6.0,,,-4.5
CON:quimica/concentracion-de-disoluciones,"Soluto, disolvente y concentración",3,8.75,,,8.5,,,9.0,-5.75
