id,grado,unidad,tema,conceptos_asignados,justificacion_ia,decision (aceptar|cambiar|rechazar),nuevos_conceptos (ids; separados por ;),comentario,revisado_por
G02-CIE-U2-2.10,2,2. Energía.,2.10. Experimentación con colores primarios a partir de la mezcla de pinturas.,Color y dispersión de la luz,Mezcla de pigmentos; el vocabulario solo cubre color por luz reflejada.,,,,
G02-CIE-U5-5.4,2,5. Objetos técnicos.,5.4. Registro de valores de la máxima resistencia que soporta una estructura.,"Centro de gravedad y estabilidad | Esfuerzo, deformación y módulo de Young",Carga máxima de una estructura; vocabulario solo cercano por ruptura.,,,,
G06-CIE-U2-2.6,6,2. Calor y temperatura.,2.6. Experimentación con las propiedades térmicas de los materiales.,"Capacidad calorífica y calor específico | Conducción, convección y radiación",Propiedades térmicas de materiales sin especificar; interpretación amplia.,,,,
G08-CIE-U2-2.10,8,2. Energía,2.10. Cálculo experimental de la potencia mecánica de máquinas para la obtención del momento lineal.,Potencia mecánica,Potencia mecánica de máquinas; relación con momento lineal confusa.,,,,
G09-CIE-U7-7.2,9,7. Magnetismo aplicado,7.2. Reconocimiento de aplicaciones del campo magnético para la exploración espacial.,Campo magnético terrestre | Campo magnético y magnetismo terrestre,Campo magnético en exploración espacial; contenido poco especificado.,,,,
G09-CIE-U7-7.3,9,7. Magnetismo aplicado,7.3. Indagación de aplicaciones magnéticas en el diagnóstico y los tratamientos médicos.,Campo magnético y magnetismo terrestre,Indaga aplicaciones magnéticas médicas; no hay concepto específico.,,,,
G09-CIE-U7-7.4,9,7. Magnetismo aplicado,7.4. Explicación de los fenómenos magnéticos involucrados en equipos de uso médico.,Campo magnético y magnetismo terrestre | Inducción electromagnética: Faraday y Lenz,Fenómenos magnéticos en equipos médicos; encaje parcial.,,,,
G10-FIS-U12-12.10,10,12. Temperatura y calor,12.10. Cálculo de la humedad relativa y del punto de rocío a partir de datos meteorológicos de estaciones salvadoreñas.,Calor latente | Cambios de estado,Humedad y punto de rocío no figuran en vocabulario.,,,,
G10-FIS-U15-15.12,10,15. Termodinámica,15.12. Investigación documental sobre la tercera ley y los métodos para alcanzar temperaturas cercanas al cero absoluto.,Segunda ley de la termodinámica | Temperatura y escalas termométricas,Tercera ley ausente; cero absoluto como concepto cercano.,,,,
G10-FIS-U16-16.7,10,16. Óptica,16.7. Indagación del comportamiento corpuscular de la luz.,"Dualidad onda-partícula | Fuentes de luz, propagación y sombras",Comportamiento corpuscular y trayectoria de la luz; encaje dudoso.,,,,
G10-FIS-U2-2.3,10,2. Unidades y conceptos matemáticos en la física,2.3. Aplicación de las razones trigonométricas y sus inversas en la resolución de problemas físicos con triángulos rectángulos.,Suma de vectores y componentes rectangulares,Herramienta matemática; componentes vectoriales como lo más cercano.,,,,
G11-FIS-U12-12.2,11,12. Electromagnetismo,12.2. Comprobación experimental de las ecuaciones de Maxwell.,Campo eléctrico | Campo magnético y magnetismo terrestre | Inducción electromagnética: Faraday y Lenz | Ondas electromagnéticas y espectro,Ecuaciones de Maxwell no están; se reparten en conceptos de campos.,,,,
G11-FIS-U12-12.3,11,12. Electromagnetismo,12.3. Cálculo de magnitudes físicas en dispositivos electromagnéticos.,Fuerza magnética sobre corrientes y motor eléctrico | Inducción electromagnética: Faraday y Lenz,Tema vago: cálculos en dispositivos electromagnéticos genéricos.,,,,
G11-FIS-U15-15.7,11,15. La luz,15.7. Aplicación del principio de incertidumbre de Heisenberg a partículas confinadas y a objetos macroscópicos.,Dualidad onda-partícula,Incertidumbre de Heisenberg ausente; solo relacionada con dualidad.,,,,
G11-FIS-U22-22.7,11,22. Ciencias del espacio,22.7. Indagación de los métodos para detectar y caracterizar un exoplaneta.,Observación astronómica en distintas longitudes de onda | Efecto Doppler | Órbitas y satélites,Métodos de detección de exoplanetas no están en vocabulario.,,,,
G11-FIS-U22-22.8,11,22. Ciencias del espacio,22.8. Exploración de las propiedades deducibles de los exoplanetas.,Observación astronómica en distintas longitudes de onda | Leyes de Kepler | Órbitas y satélites,Propiedades de exoplanetas; solo encaje parcial con órbitas.,,,,
G11-FIS-U22-22.9,11,22. Ciencias del espacio,22.9. Discusión acerca de las condiciones que permiten el desarrollo de vida en un planeta y cómo detectarlas.,Observación astronómica en distintas longitudes de onda,Condiciones para la vida en planetas; sin concepto físico cercano.,,,,
