concepto,nombre,primer_grado_sv,mediana_paises,UY,CO,SG,oportunidad
CON:ciencias_tierra_espacio/corrientes-oceanicas,Corrientes oceánicas superficiales y profundas,9,4.5,5,4,,4.5
CON:ciencias_tierra_espacio/mareas,Mareas,9,4.5,5,4,,4.5
CON:ciencias_tierra_espacio/ciclo-del-agua,Ciclo del agua,7,4.0,3,,5,3.0
CON:ciencias_tierra_espacio/calidad-del-aire,Calidad del aire y contaminación atmosférica,7,5,5,4,5,2
CON:ciencias_tierra_espacio/efecto-invernadero,Efecto invernadero,7,5.5,7,4,,1.5
CON:ciencias_tierra_espacio/erosion-y-sedimentacion,"Erosión, transporte y sedimentación",5,3.5,3,4,,1.5
CON:ciencias_tierra_espacio/la-luna,La Luna: características y origen,4,3.0,4,2,,1.0
CON:ciencias_tierra_espacio/impacto-ambiental-de-actividades-humanas,Impacto de las actividades humanas en los recursos,5,4.5,,4,5,0.5
CON:ciencias_tierra_espacio/inclinacion-del-eje-y-estaciones,Inclinación del eje terrestre y estaciones astronómicas,4,3.5,3,4,,0.5
CON:ciencias_tierra_espacio/suelo-formacion-y-tipos,"Suelo: formación, componentes y tipos",5,4.5,3,6,,0.5
CON:ciencias_tierra_espacio/estrellas-y-nebulosas,Estrellas y nebulosas,5,5.0,4,6,,0.0
CON:ciencias_tierra_espacio/sistema-solar,El sistema solar y el modelo heliocéntrico,4,4.0,4,4,,0.0
CON:ciencias_tierra_espacio/tectonica-de-placas,Tectónica de placas,5,5.0,6,4,,0.0
CON:ciencias_tierra_espacio/fases-de-la-luna,Fases de la Luna,4,4.5,5,4,,-0.5
CON:ciencias_tierra_espacio/rotacion-dia-y-noche,"Rotación de la Tierra: día, noche y sombras",2,2.5,3,2,,-0.5
CON:ciencias_tierra_espacio/big-bang,Origen del universo: el Big Bang,5,6.0,6,6,,-1.0
CON:ciencias_tierra_espacio/limites-de-placas,"Límites de placas: convergentes, divergentes y transformantes",5,6.0,6,6,,-1.0
CON:ciencias_tierra_espacio/cuencas-y-aguas-superficiales,Cuencas hidrográficas y aguas superficiales,3,4.5,3,6,,-1.5
CON:ciencias_tierra_espacio/traslacion-y-ano,Traslación de la Tierra y el año,2,3.5,3,4,,-1.5
CON:ciencias_tierra_espacio/exploracion-espacial,Exploración espacial,4,6.0,6,6,,-2.0
CON:ciencias_tierra_espacio/hidrosfera-distribucion-del-agua,Hidrosfera: distribución del agua dulce y salada,3,5.0,4,6,,-2.0
CON:ciencias_tierra_espacio/tiempo-geologico,Tiempo geológico y datación,5,7.0,6,8,,-2.0
CON:ciencias_tierra_espacio/fuentes-de-energia,Fuentes de energía renovables y no renovables,2,6,9,6,6,-4
CON:ciencias_tierra_espacio/sismos,Sismos y fallas geológicas,2,6.0,6,6,,-4.0
